/*
Navicat MySQL Data Transfer

Source Server         : mysql
Source Server Version : 50536
Source Host           : localhost:3306
Source Database       : bos

Target Server Type    : MYSQL
Target Server Version : 50536
File Encoding         : 65001

Date: 2017-06-17 13:52:17
*/

SET FOREIGN_KEY_CHECKS=0;

-- ----------------------------
-- Table structure for act_ge_bytearray
-- ----------------------------
DROP TABLE IF EXISTS `act_ge_bytearray`;
CREATE TABLE `act_ge_bytearray` (
  `ID_` varchar(64) COLLATE utf8_bin NOT NULL DEFAULT '',
  `REV_` int(11) DEFAULT NULL,
  `NAME_` varchar(255) COLLATE utf8_bin DEFAULT NULL,
  `DEPLOYMENT_ID_` varchar(64) COLLATE utf8_bin DEFAULT NULL,
  `BYTES_` longblob,
  `GENERATED_` tinyint(4) DEFAULT NULL,
  PRIMARY KEY (`ID_`),
  KEY `ACT_FK_BYTEARR_DEPL` (`DEPLOYMENT_ID_`),
  CONSTRAINT `ACT_FK_BYTEARR_DEPL` FOREIGN KEY (`DEPLOYMENT_ID_`) REFERENCES `act_re_deployment` (`ID_`)
) ENGINE=InnoDB DEFAULT CHARSET=utf8 COLLATE=utf8_bin;

-- ----------------------------
-- Records of act_ge_bytearray
-- ----------------------------
INSERT INTO `act_ge_bytearray` VALUES ('1503', '1', 'var-业务数据', null, 0xACED00057372001E636E2E7A68616F2E626F732E766F2E576F726B6F726465726D616E6167659932AA938FE4CC4E0200144C00086163746C776569747400124C6A6176612F6C616E672F446F75626C653B4C000A617272697665636974797400124C6A6176612F6C616E672F537472696E673B4C000A6665656974656D6E756D7400134C6A6176612F6C616E672F496E74656765723B4C0009666C6F61647265717271007E00024C0002696471007E00024C000C6D616E61676572436865636B71007E00024C00036E756D71007E00034C000D70726F6474696D656C696D697471007E00024C000870726F647479706571007E00024C000770726F6475637471007E00024C000C72656365697665726164647271007E00024C000C72656365697665726E616D6571007E00024C000D726563656976657270686F6E6571007E00024C000A73656E6465726164647271007E00024C000A73656E6465726E616D6571007E00024C000B73656E64657270686F6E6571007E00024C0005737461727471007E00024C000A75706461746574696D657400104C6A6176612F7574696C2F446174653B4C0003766F6C71007E00024C000677656967687471007E00017870737200106A6176612E6C616E672E446F75626C6580B3C24A296BFB0402000144000576616C7565787200106A6176612E6C616E672E4E756D62657286AC951D0B94E08B02000078704000000000000000740006E88B8FE5B79E737200116A6176612E6C616E672E496E746567657212E2A0A4F781873802000149000576616C75657871007E000700000001740001327400053030303032740001307371007E000A0000000274000437E5A4A974000CE794B5E5AD90E4BAA7E59381740006E9BCA0E6A08774000CE88B8FE5B79EE696B0E58CBA740006E69D8EE59B9B74000B3138363132333435363738740012E88B8FE5B79EE5B7A5E4B89AE59BADE58CBA740006E5BCA0E4B88974000B313836313233343536373874000131737200126A6176612E73716C2E54696D657374616D702618D5C80153BF650200014900056E616E6F737872000E6A6176612E7574696C2E44617465686A81014B597419030000787077080000015C73D5A4007800000000740001327371007E00064000000000000000, null);
INSERT INTO `act_ge_bytearray` VALUES ('1505', '1', 'hist.var-业务数据', null, 0xACED00057372001E636E2E7A68616F2E626F732E766F2E576F726B6F726465726D616E6167659932AA938FE4CC4E0200144C00086163746C776569747400124C6A6176612F6C616E672F446F75626C653B4C000A617272697665636974797400124C6A6176612F6C616E672F537472696E673B4C000A6665656974656D6E756D7400134C6A6176612F6C616E672F496E74656765723B4C0009666C6F61647265717271007E00024C0002696471007E00024C000C6D616E61676572436865636B71007E00024C00036E756D71007E00034C000D70726F6474696D656C696D697471007E00024C000870726F647479706571007E00024C000770726F6475637471007E00024C000C72656365697665726164647271007E00024C000C72656365697665726E616D6571007E00024C000D726563656976657270686F6E6571007E00024C000A73656E6465726164647271007E00024C000A73656E6465726E616D6571007E00024C000B73656E64657270686F6E6571007E00024C0005737461727471007E00024C000A75706461746574696D657400104C6A6176612F7574696C2F446174653B4C0003766F6C71007E00024C000677656967687471007E00017870737200106A6176612E6C616E672E446F75626C6580B3C24A296BFB0402000144000576616C7565787200106A6176612E6C616E672E4E756D62657286AC951D0B94E08B02000078704000000000000000740006E88B8FE5B79E737200116A6176612E6C616E672E496E746567657212E2A0A4F781873802000149000576616C75657871007E000700000001740001327400053030303032740001307371007E000A0000000274000437E5A4A974000CE794B5E5AD90E4BAA7E59381740006E9BCA0E6A08774000CE88B8FE5B79EE696B0E58CBA740006E69D8EE59B9B74000B3138363132333435363738740012E88B8FE5B79EE5B7A5E4B89AE59BADE58CBA740006E5BCA0E4B88974000B313836313233343536373874000131737200126A6176612E73716C2E54696D657374616D702618D5C80153BF650200014900056E616E6F737872000E6A6176612E7574696C2E44617465686A81014B597419030000787077080000015C73D5A4007800000000740001327371007E00064000000000000000, null);
INSERT INTO `act_ge_bytearray` VALUES ('1511', '1', 'var-业务数据', null, 0xACED00057372001E636E2E7A68616F2E626F732E766F2E576F726B6F726465726D616E6167659932AA938FE4CC4E0200144C00086163746C776569747400124C6A6176612F6C616E672F446F75626C653B4C000A617272697665636974797400124C6A6176612F6C616E672F537472696E673B4C000A6665656974656D6E756D7400134C6A6176612F6C616E672F496E74656765723B4C0009666C6F61647265717271007E00024C0002696471007E00024C000C6D616E61676572436865636B71007E00024C00036E756D71007E00034C000D70726F6474696D656C696D697471007E00024C000870726F647479706571007E00024C000770726F6475637471007E00024C000C72656365697665726164647271007E00024C000C72656365697665726E616D6571007E00024C000D726563656976657270686F6E6571007E00024C000A73656E6465726164647271007E00024C000A73656E6465726E616D6571007E00024C000B73656E64657270686F6E6571007E00024C0005737461727471007E00024C000A75706461746574696D657400104C6A6176612F7574696C2F446174653B4C0003766F6C71007E00024C000677656967687471007E00017870737200106A6176612E6C616E672E446F75626C6580B3C24A296BFB0402000144000576616C7565787200106A6176612E6C616E672E4E756D62657286AC951D0B94E08B02000078704008000000000000740006E88B8FE5B79E737200116A6176612E6C616E672E496E746567657212E2A0A4F781873802000149000576616C75657871007E000700000001740001327400053030303033740001307371007E000A0000000374000437E5A4A974000CE794B5E5AD90E4BAA7E59381740006E9BCA0E6A08774000CE88B8FE5B79EE696B0E58CBA740006E69D8EE59B9B74000B3138363132333435363738740012E88B8FE5B79EE5B7A5E4B89AE59BADE58CBA740006E5BCA0E4B88974000B313836313233343536373874000131737200126A6176612E73716C2E54696D657374616D702618D5C80153BF650200014900056E616E6F737872000E6A6176612E7574696C2E44617465686A81014B597419030000787077080000015C73D5A4007800000000740001327371007E00064008000000000000, null);
INSERT INTO `act_ge_bytearray` VALUES ('1513', '1', 'hist.var-业务数据', null, 0xACED00057372001E636E2E7A68616F2E626F732E766F2E576F726B6F726465726D616E6167659932AA938FE4CC4E0200144C00086163746C776569747400124C6A6176612F6C616E672F446F75626C653B4C000A617272697665636974797400124C6A6176612F6C616E672F537472696E673B4C000A6665656974656D6E756D7400134C6A6176612F6C616E672F496E74656765723B4C0009666C6F61647265717271007E00024C0002696471007E00024C000C6D616E61676572436865636B71007E00024C00036E756D71007E00034C000D70726F6474696D656C696D697471007E00024C000870726F647479706571007E00024C000770726F6475637471007E00024C000C72656365697665726164647271007E00024C000C72656365697665726E616D6571007E00024C000D726563656976657270686F6E6571007E00024C000A73656E6465726164647271007E00024C000A73656E6465726E616D6571007E00024C000B73656E64657270686F6E6571007E00024C0005737461727471007E00024C000A75706461746574696D657400104C6A6176612F7574696C2F446174653B4C0003766F6C71007E00024C000677656967687471007E00017870737200106A6176612E6C616E672E446F75626C6580B3C24A296BFB0402000144000576616C7565787200106A6176612E6C616E672E4E756D62657286AC951D0B94E08B02000078704008000000000000740006E88B8FE5B79E737200116A6176612E6C616E672E496E746567657212E2A0A4F781873802000149000576616C75657871007E000700000001740001327400053030303033740001307371007E000A0000000374000437E5A4A974000CE794B5E5AD90E4BAA7E59381740006E9BCA0E6A08774000CE88B8FE5B79EE696B0E58CBA740006E69D8EE59B9B74000B3138363132333435363738740012E88B8FE5B79EE5B7A5E4B89AE59BADE58CBA740006E5BCA0E4B88974000B313836313233343536373874000131737200126A6176612E73716C2E54696D657374616D702618D5C80153BF650200014900056E616E6F737872000E6A6176612E7574696C2E44617465686A81014B597419030000787077080000015C73D5A4007800000000740001327371007E00064008000000000000, null);
INSERT INTO `act_ge_bytearray` VALUES ('1519', '1', 'var-业务数据', null, 0xACED00057372001E636E2E7A68616F2E626F732E766F2E576F726B6F726465726D616E6167659932AA938FE4CC4E0200144C00086163746C776569747400124C6A6176612F6C616E672F446F75626C653B4C000A617272697665636974797400124C6A6176612F6C616E672F537472696E673B4C000A6665656974656D6E756D7400134C6A6176612F6C616E672F496E74656765723B4C0009666C6F61647265717271007E00024C0002696471007E00024C000C6D616E61676572436865636B71007E00024C00036E756D71007E00034C000D70726F6474696D656C696D697471007E00024C000870726F647479706571007E00024C000770726F6475637471007E00024C000C72656365697665726164647271007E00024C000C72656365697665726E616D6571007E00024C000D726563656976657270686F6E6571007E00024C000A73656E6465726164647271007E00024C000A73656E6465726E616D6571007E00024C000B73656E64657270686F6E6571007E00024C0005737461727471007E00024C000A75706461746574696D657400104C6A6176612F7574696C2F446174653B4C0003766F6C71007E00024C000677656967687471007E0001787070740006E58C97E4BAAC70740003E697A0740005333233323174000130737200116A6176612E6C616E672E496E746567657212E2A0A4F781873802000149000576616C7565787200106A6176612E6C616E672E4E756D62657286AC951D0B94E08B02000078700000000C7070740006E99A8FE4BEBF70707070707074000131737200126A6176612E73716C2E54696D657374616D702618D5C80153BF650200014900056E616E6F737872000E6A6176612E7574696C2E44617465686A81014B597419030000787077080000015CAC7B9800780000000070737200106A6176612E6C616E672E446F75626C6580B3C24A296BFB0402000144000576616C75657871007E000B4035000000000000, null);
INSERT INTO `act_ge_bytearray` VALUES ('1521', '1', 'hist.var-业务数据', null, 0xACED00057372001E636E2E7A68616F2E626F732E766F2E576F726B6F726465726D616E6167659932AA938FE4CC4E0200144C00086163746C776569747400124C6A6176612F6C616E672F446F75626C653B4C000A617272697665636974797400124C6A6176612F6C616E672F537472696E673B4C000A6665656974656D6E756D7400134C6A6176612F6C616E672F496E74656765723B4C0009666C6F61647265717271007E00024C0002696471007E00024C000C6D616E61676572436865636B71007E00024C00036E756D71007E00034C000D70726F6474696D656C696D697471007E00024C000870726F647479706571007E00024C000770726F6475637471007E00024C000C72656365697665726164647271007E00024C000C72656365697665726E616D6571007E00024C000D726563656976657270686F6E6571007E00024C000A73656E6465726164647271007E00024C000A73656E6465726E616D6571007E00024C000B73656E64657270686F6E6571007E00024C0005737461727471007E00024C000A75706461746574696D657400104C6A6176612F7574696C2F446174653B4C0003766F6C71007E00024C000677656967687471007E0001787070740006E58C97E4BAAC70740003E697A0740005333233323174000130737200116A6176612E6C616E672E496E746567657212E2A0A4F781873802000149000576616C7565787200106A6176612E6C616E672E4E756D62657286AC951D0B94E08B02000078700000000C7070740006E99A8FE4BEBF70707070707074000131737200126A6176612E73716C2E54696D657374616D702618D5C80153BF650200014900056E616E6F737872000E6A6176612E7574696C2E44617465686A81014B597419030000787077080000015CAC7B9800780000000070737200106A6176612E6C616E672E446F75626C6580B3C24A296BFB0402000144000576616C75657871007E000B4035000000000000, null);
INSERT INTO `act_ge_bytearray` VALUES ('1529', '1', 'var-业务数据', null, 0xACED00057372001E636E2E7A68616F2E626F732E766F2E576F726B6F726465726D616E6167659932AA938FE4CC4E0200144C00086163746C776569747400124C6A6176612F6C616E672F446F75626C653B4C000A617272697665636974797400124C6A6176612F6C616E672F537472696E673B4C000A6665656974656D6E756D7400134C6A6176612F6C616E672F496E74656765723B4C0009666C6F61647265717271007E00024C0002696471007E00024C000C6D616E61676572436865636B71007E00024C00036E756D71007E00034C000D70726F6474696D656C696D697471007E00024C000870726F647479706571007E00024C000770726F6475637471007E00024C000C72656365697665726164647271007E00024C000C72656365697665726E616D6571007E00024C000D726563656976657270686F6E6571007E00024C000A73656E6465726164647271007E00024C000A73656E6465726E616D6571007E00024C000B73656E64657270686F6E6571007E00024C0005737461727471007E00024C000A75706461746574696D657400104C6A6176612F7574696C2F446174653B4C0003766F6C71007E00024C000677656967687471007E00017870737200106A6176612E6C616E672E446F75626C6580B3C24A296BFB0402000144000576616C7565787200106A6176612E6C616E672E4E756D62657286AC951D0B94E08B02000078704010000000000000740006E88B8FE5B79E737200116A6176612E6C616E672E496E746567657212E2A0A4F781873802000149000576616C75657871007E000700000001740001327400053030303034740001307371007E000A0000000474000437E5A4A974000CE794B5E5AD90E4BAA7E59381740006E9BCA0E6A08774000CE88B8FE5B79EE696B0E58CBA740006E69D8EE59B9B74000B3138363132333435363738740012E88B8FE5B79EE5B7A5E4B89AE59BADE58CBA740006E5BCA0E4B88974000B313836313233343536373874000131737200126A6176612E73716C2E54696D657374616D702618D5C80153BF650200014900056E616E6F737872000E6A6176612E7574696C2E44617465686A81014B597419030000787077080000015C73D5A4007800000000740001327371007E00064010000000000000, null);
INSERT INTO `act_ge_bytearray` VALUES ('1531', '1', 'hist.var-业务数据', null, 0xACED00057372001E636E2E7A68616F2E626F732E766F2E576F726B6F726465726D616E6167659932AA938FE4CC4E0200144C00086163746C776569747400124C6A6176612F6C616E672F446F75626C653B4C000A617272697665636974797400124C6A6176612F6C616E672F537472696E673B4C000A6665656974656D6E756D7400134C6A6176612F6C616E672F496E74656765723B4C0009666C6F61647265717271007E00024C0002696471007E00024C000C6D616E61676572436865636B71007E00024C00036E756D71007E00034C000D70726F6474696D656C696D697471007E00024C000870726F647479706571007E00024C000770726F6475637471007E00024C000C72656365697665726164647271007E00024C000C72656365697665726E616D6571007E00024C000D726563656976657270686F6E6571007E00024C000A73656E6465726164647271007E00024C000A73656E6465726E616D6571007E00024C000B73656E64657270686F6E6571007E00024C0005737461727471007E00024C000A75706461746574696D657400104C6A6176612F7574696C2F446174653B4C0003766F6C71007E00024C000677656967687471007E00017870737200106A6176612E6C616E672E446F75626C6580B3C24A296BFB0402000144000576616C7565787200106A6176612E6C616E672E4E756D62657286AC951D0B94E08B02000078704010000000000000740006E88B8FE5B79E737200116A6176612E6C616E672E496E746567657212E2A0A4F781873802000149000576616C75657871007E000700000001740001327400053030303034740001307371007E000A0000000474000437E5A4A974000CE794B5E5AD90E4BAA7E59381740006E9BCA0E6A08774000CE88B8FE5B79EE696B0E58CBA740006E69D8EE59B9B74000B3138363132333435363738740012E88B8FE5B79EE5B7A5E4B89AE59BADE58CBA740006E5BCA0E4B88974000B313836313233343536373874000131737200126A6176612E73716C2E54696D657374616D702618D5C80153BF650200014900056E616E6F737872000E6A6176612E7574696C2E44617465686A81014B597419030000787077080000015C73D5A4007800000000740001327371007E00064010000000000000, null);
INSERT INTO `act_ge_bytearray` VALUES ('1537', '1', 'var-业务数据', null, 0xACED00057372001E636E2E7A68616F2E626F732E766F2E576F726B6F726465726D616E6167659932AA938FE4CC4E0200144C00086163746C776569747400124C6A6176612F6C616E672F446F75626C653B4C000A617272697665636974797400124C6A6176612F6C616E672F537472696E673B4C000A6665656974656D6E756D7400134C6A6176612F6C616E672F496E74656765723B4C0009666C6F61647265717271007E00024C0002696471007E00024C000C6D616E61676572436865636B71007E00024C00036E756D71007E00034C000D70726F6474696D656C696D697471007E00024C000870726F647479706571007E00024C000770726F6475637471007E00024C000C72656365697665726164647271007E00024C000C72656365697665726E616D6571007E00024C000D726563656976657270686F6E6571007E00024C000A73656E6465726164647271007E00024C000A73656E6465726E616D6571007E00024C000B73656E64657270686F6E6571007E00024C0005737461727471007E00024C000A75706461746574696D657400104C6A6176612F7574696C2F446174653B4C0003766F6C71007E00024C000677656967687471007E00017870737200106A6176612E6C616E672E446F75626C6580B3C24A296BFB0402000144000576616C7565787200106A6176612E6C616E672E4E756D62657286AC951D0B94E08B02000078704014000000000000740006E88B8FE5B79E737200116A6176612E6C616E672E496E746567657212E2A0A4F781873802000149000576616C75657871007E000700000001740001327400053030303035740001307371007E000A0000000574000437E5A4A974000CE794B5E5AD90E4BAA7E59381740006E9BCA0E6A08774000CE88B8FE5B79EE696B0E58CBA740006E69D8EE59B9B74000B3138363132333435363738740012E88B8FE5B79EE5B7A5E4B89AE59BADE58CBA740006E5BCA0E4B88974000B313836313233343536373874000131737200126A6176612E73716C2E54696D657374616D702618D5C80153BF650200014900056E616E6F737872000E6A6176612E7574696C2E44617465686A81014B597419030000787077080000015C73D5A4007800000000740001327371007E00064014000000000000, null);
INSERT INTO `act_ge_bytearray` VALUES ('1539', '1', 'hist.var-业务数据', null, 0xACED00057372001E636E2E7A68616F2E626F732E766F2E576F726B6F726465726D616E6167659932AA938FE4CC4E0200144C00086163746C776569747400124C6A6176612F6C616E672F446F75626C653B4C000A617272697665636974797400124C6A6176612F6C616E672F537472696E673B4C000A6665656974656D6E756D7400134C6A6176612F6C616E672F496E74656765723B4C0009666C6F61647265717271007E00024C0002696471007E00024C000C6D616E61676572436865636B71007E00024C00036E756D71007E00034C000D70726F6474696D656C696D697471007E00024C000870726F647479706571007E00024C000770726F6475637471007E00024C000C72656365697665726164647271007E00024C000C72656365697665726E616D6571007E00024C000D726563656976657270686F6E6571007E00024C000A73656E6465726164647271007E00024C000A73656E6465726E616D6571007E00024C000B73656E64657270686F6E6571007E00024C0005737461727471007E00024C000A75706461746574696D657400104C6A6176612F7574696C2F446174653B4C0003766F6C71007E00024C000677656967687471007E00017870737200106A6176612E6C616E672E446F75626C6580B3C24A296BFB0402000144000576616C7565787200106A6176612E6C616E672E4E756D62657286AC951D0B94E08B02000078704014000000000000740006E88B8FE5B79E737200116A6176612E6C616E672E496E746567657212E2A0A4F781873802000149000576616C75657871007E000700000001740001327400053030303035740001307371007E000A0000000574000437E5A4A974000CE794B5E5AD90E4BAA7E59381740006E9BCA0E6A08774000CE88B8FE5B79EE696B0E58CBA740006E69D8EE59B9B74000B3138363132333435363738740012E88B8FE5B79EE5B7A5E4B89AE59BADE58CBA740006E5BCA0E4B88974000B313836313233343536373874000131737200126A6176612E73716C2E54696D657374616D702618D5C80153BF650200014900056E616E6F737872000E6A6176612E7574696C2E44617465686A81014B597419030000787077080000015C73D5A4007800000000740001327371007E00064014000000000000, null);
INSERT INTO `act_ge_bytearray` VALUES ('1545', '1', 'var-业务数据', null, 0xACED00057372001E636E2E7A68616F2E626F732E766F2E576F726B6F726465726D616E6167659932AA938FE4CC4E0200144C00086163746C776569747400124C6A6176612F6C616E672F446F75626C653B4C000A617272697665636974797400124C6A6176612F6C616E672F537472696E673B4C000A6665656974656D6E756D7400134C6A6176612F6C616E672F496E74656765723B4C0009666C6F61647265717271007E00024C0002696471007E00024C000C6D616E61676572436865636B71007E00024C00036E756D71007E00034C000D70726F6474696D656C696D697471007E00024C000870726F647479706571007E00024C000770726F6475637471007E00024C000C72656365697665726164647271007E00024C000C72656365697665726E616D6571007E00024C000D726563656976657270686F6E6571007E00024C000A73656E6465726164647271007E00024C000A73656E6465726E616D6571007E00024C000B73656E64657270686F6E6571007E00024C0005737461727471007E00024C000A75706461746574696D657400104C6A6176612F7574696C2F446174653B4C0003766F6C71007E00024C000677656967687471007E00017870737200106A6176612E6C616E672E446F75626C6580B3C24A296BFB0402000144000576616C7565787200106A6176612E6C616E672E4E756D62657286AC951D0B94E08B02000078704018000000000000740006E88B8FE5B79E737200116A6176612E6C616E672E496E746567657212E2A0A4F781873802000149000576616C75657871007E000700000001740001327400053030303036740001307371007E000A0000000674000437E5A4A974000CE794B5E5AD90E4BAA7E59381740006E9BCA0E6A08774000CE88B8FE5B79EE696B0E58CBA740006E69D8EE59B9B74000B3138363132333435363738740012E88B8FE5B79EE5B7A5E4B89AE59BADE58CBA740006E5BCA0E4B88974000B313836313233343536373874000131737200126A6176612E73716C2E54696D657374616D702618D5C80153BF650200014900056E616E6F737872000E6A6176612E7574696C2E44617465686A81014B597419030000787077080000015C73D5A4007800000000740001327371007E00064018000000000000, null);
INSERT INTO `act_ge_bytearray` VALUES ('1547', '1', 'hist.var-业务数据', null, 0xACED00057372001E636E2E7A68616F2E626F732E766F2E576F726B6F726465726D616E6167659932AA938FE4CC4E0200144C00086163746C776569747400124C6A6176612F6C616E672F446F75626C653B4C000A617272697665636974797400124C6A6176612F6C616E672F537472696E673B4C000A6665656974656D6E756D7400134C6A6176612F6C616E672F496E74656765723B4C0009666C6F61647265717271007E00024C0002696471007E00024C000C6D616E61676572436865636B71007E00024C00036E756D71007E00034C000D70726F6474696D656C696D697471007E00024C000870726F647479706571007E00024C000770726F6475637471007E00024C000C72656365697665726164647271007E00024C000C72656365697665726E616D6571007E00024C000D726563656976657270686F6E6571007E00024C000A73656E6465726164647271007E00024C000A73656E6465726E616D6571007E00024C000B73656E64657270686F6E6571007E00024C0005737461727471007E00024C000A75706461746574696D657400104C6A6176612F7574696C2F446174653B4C0003766F6C71007E00024C000677656967687471007E00017870737200106A6176612E6C616E672E446F75626C6580B3C24A296BFB0402000144000576616C7565787200106A6176612E6C616E672E4E756D62657286AC951D0B94E08B02000078704018000000000000740006E88B8FE5B79E737200116A6176612E6C616E672E496E746567657212E2A0A4F781873802000149000576616C75657871007E000700000001740001327400053030303036740001307371007E000A0000000674000437E5A4A974000CE794B5E5AD90E4BAA7E59381740006E9BCA0E6A08774000CE88B8FE5B79EE696B0E58CBA740006E69D8EE59B9B74000B3138363132333435363738740012E88B8FE5B79EE5B7A5E4B89AE59BADE58CBA740006E5BCA0E4B88974000B313836313233343536373874000131737200126A6176612E73716C2E54696D657374616D702618D5C80153BF650200014900056E616E6F737872000E6A6176612E7574696C2E44617465686A81014B597419030000787077080000015C73D5A4007800000000740001327371007E00064018000000000000, null);
INSERT INTO `act_ge_bytearray` VALUES ('1553', '1', 'var-业务数据', null, 0xACED00057372001E636E2E7A68616F2E626F732E766F2E576F726B6F726465726D616E6167659932AA938FE4CC4E0200144C00086163746C776569747400124C6A6176612F6C616E672F446F75626C653B4C000A617272697665636974797400124C6A6176612F6C616E672F537472696E673B4C000A6665656974656D6E756D7400134C6A6176612F6C616E672F496E74656765723B4C0009666C6F61647265717271007E00024C0002696471007E00024C000C6D616E61676572436865636B71007E00024C00036E756D71007E00034C000D70726F6474696D656C696D697471007E00024C000870726F647479706571007E00024C000770726F6475637471007E00024C000C72656365697665726164647271007E00024C000C72656365697665726E616D6571007E00024C000D726563656976657270686F6E6571007E00024C000A73656E6465726164647271007E00024C000A73656E6465726E616D6571007E00024C000B73656E64657270686F6E6571007E00024C0005737461727471007E00024C000A75706461746574696D657400104C6A6176612F7574696C2F446174653B4C0003766F6C71007E00024C000677656967687471007E00017870737200106A6176612E6C616E672E446F75626C6580B3C24A296BFB0402000144000576616C7565787200106A6176612E6C616E672E4E756D62657286AC951D0B94E08B0200007870401C000000000000740006E88B8FE5B79E737200116A6176612E6C616E672E496E746567657212E2A0A4F781873802000149000576616C75657871007E000700000001740001327400053030303037740001307371007E000A0000000774000437E5A4A974000CE794B5E5AD90E4BAA7E59381740006E9BCA0E6A08774000CE88B8FE5B79EE696B0E58CBA740006E69D8EE59B9B74000B3138363132333435363738740012E88B8FE5B79EE5B7A5E4B89AE59BADE58CBA740006E5BCA0E4B88974000B313836313233343536373874000131737200126A6176612E73716C2E54696D657374616D702618D5C80153BF650200014900056E616E6F737872000E6A6176612E7574696C2E44617465686A81014B597419030000787077080000015C73D5A4007800000000740001327371007E0006401C000000000000, null);
INSERT INTO `act_ge_bytearray` VALUES ('1555', '1', 'hist.var-业务数据', null, 0xACED00057372001E636E2E7A68616F2E626F732E766F2E576F726B6F726465726D616E6167659932AA938FE4CC4E0200144C00086163746C776569747400124C6A6176612F6C616E672F446F75626C653B4C000A617272697665636974797400124C6A6176612F6C616E672F537472696E673B4C000A6665656974656D6E756D7400134C6A6176612F6C616E672F496E74656765723B4C0009666C6F61647265717271007E00024C0002696471007E00024C000C6D616E61676572436865636B71007E00024C00036E756D71007E00034C000D70726F6474696D656C696D697471007E00024C000870726F647479706571007E00024C000770726F6475637471007E00024C000C72656365697665726164647271007E00024C000C72656365697665726E616D6571007E00024C000D726563656976657270686F6E6571007E00024C000A73656E6465726164647271007E00024C000A73656E6465726E616D6571007E00024C000B73656E64657270686F6E6571007E00024C0005737461727471007E00024C000A75706461746574696D657400104C6A6176612F7574696C2F446174653B4C0003766F6C71007E00024C000677656967687471007E00017870737200106A6176612E6C616E672E446F75626C6580B3C24A296BFB0402000144000576616C7565787200106A6176612E6C616E672E4E756D62657286AC951D0B94E08B0200007870401C000000000000740006E88B8FE5B79E737200116A6176612E6C616E672E496E746567657212E2A0A4F781873802000149000576616C75657871007E000700000001740001327400053030303037740001307371007E000A0000000774000437E5A4A974000CE794B5E5AD90E4BAA7E59381740006E9BCA0E6A08774000CE88B8FE5B79EE696B0E58CBA740006E69D8EE59B9B74000B3138363132333435363738740012E88B8FE5B79EE5B7A5E4B89AE59BADE58CBA740006E5BCA0E4B88974000B313836313233343536373874000131737200126A6176612E73716C2E54696D657374616D702618D5C80153BF650200014900056E616E6F737872000E6A6176612E7574696C2E44617465686A81014B597419030000787077080000015C73D5A4007800000000740001327371007E0006401C000000000000, null);
INSERT INTO `act_ge_bytearray` VALUES ('1561', '1', 'var-业务数据', null, 0xACED00057372001E636E2E7A68616F2E626F732E766F2E576F726B6F726465726D616E6167659932AA938FE4CC4E0200144C00086163746C776569747400124C6A6176612F6C616E672F446F75626C653B4C000A617272697665636974797400124C6A6176612F6C616E672F537472696E673B4C000A6665656974656D6E756D7400134C6A6176612F6C616E672F496E74656765723B4C0009666C6F61647265717271007E00024C0002696471007E00024C000C6D616E61676572436865636B71007E00024C00036E756D71007E00034C000D70726F6474696D656C696D697471007E00024C000870726F647479706571007E00024C000770726F6475637471007E00024C000C72656365697665726164647271007E00024C000C72656365697665726E616D6571007E00024C000D726563656976657270686F6E6571007E00024C000A73656E6465726164647271007E00024C000A73656E6465726E616D6571007E00024C000B73656E64657270686F6E6571007E00024C0005737461727471007E00024C000A75706461746574696D657400104C6A6176612F7574696C2F446174653B4C0003766F6C71007E00024C000677656967687471007E00017870737200106A6176612E6C616E672E446F75626C6580B3C24A296BFB0402000144000576616C7565787200106A6176612E6C616E672E4E756D62657286AC951D0B94E08B02000078704020000000000000740006E88B8FE5B79E737200116A6176612E6C616E672E496E746567657212E2A0A4F781873802000149000576616C75657871007E000700000001740001327400053030303038740001307371007E000A0000000874000437E5A4A974000CE794B5E5AD90E4BAA7E59381740006E9BCA0E6A08774000CE88B8FE5B79EE696B0E58CBA740006E69D8EE59B9B74000B3138363132333435363738740012E88B8FE5B79EE5B7A5E4B89AE59BADE58CBA740006E5BCA0E4B88974000B313836313233343536373874000131737200126A6176612E73716C2E54696D657374616D702618D5C80153BF650200014900056E616E6F737872000E6A6176612E7574696C2E44617465686A81014B597419030000787077080000015C73D5A4007800000000740001327371007E00064020000000000000, null);
INSERT INTO `act_ge_bytearray` VALUES ('1563', '1', 'hist.var-业务数据', null, 0xACED00057372001E636E2E7A68616F2E626F732E766F2E576F726B6F726465726D616E6167659932AA938FE4CC4E0200144C00086163746C776569747400124C6A6176612F6C616E672F446F75626C653B4C000A617272697665636974797400124C6A6176612F6C616E672F537472696E673B4C000A6665656974656D6E756D7400134C6A6176612F6C616E672F496E74656765723B4C0009666C6F61647265717271007E00024C0002696471007E00024C000C6D616E61676572436865636B71007E00024C00036E756D71007E00034C000D70726F6474696D656C696D697471007E00024C000870726F647479706571007E00024C000770726F6475637471007E00024C000C72656365697665726164647271007E00024C000C72656365697665726E616D6571007E00024C000D726563656976657270686F6E6571007E00024C000A73656E6465726164647271007E00024C000A73656E6465726E616D6571007E00024C000B73656E64657270686F6E6571007E00024C0005737461727471007E00024C000A75706461746574696D657400104C6A6176612F7574696C2F446174653B4C0003766F6C71007E00024C000677656967687471007E00017870737200106A6176612E6C616E672E446F75626C6580B3C24A296BFB0402000144000576616C7565787200106A6176612E6C616E672E4E756D62657286AC951D0B94E08B02000078704020000000000000740006E88B8FE5B79E737200116A6176612E6C616E672E496E746567657212E2A0A4F781873802000149000576616C75657871007E000700000001740001327400053030303038740001307371007E000A0000000874000437E5A4A974000CE794B5E5AD90E4BAA7E59381740006E9BCA0E6A08774000CE88B8FE5B79EE696B0E58CBA740006E69D8EE59B9B74000B3138363132333435363738740012E88B8FE5B79EE5B7A5E4B89AE59BADE58CBA740006E5BCA0E4B88974000B313836313233343536373874000131737200126A6176612E73716C2E54696D657374616D702618D5C80153BF650200014900056E616E6F737872000E6A6176612E7574696C2E44617465686A81014B597419030000787077080000015C73D5A4007800000000740001327371007E00064020000000000000, null);
INSERT INTO `act_ge_bytearray` VALUES ('1569', '1', 'var-业务数据', null, 0xACED00057372001E636E2E7A68616F2E626F732E766F2E576F726B6F726465726D616E6167659932AA938FE4CC4E0200144C00086163746C776569747400124C6A6176612F6C616E672F446F75626C653B4C000A617272697665636974797400124C6A6176612F6C616E672F537472696E673B4C000A6665656974656D6E756D7400134C6A6176612F6C616E672F496E74656765723B4C0009666C6F61647265717271007E00024C0002696471007E00024C000C6D616E61676572436865636B71007E00024C00036E756D71007E00034C000D70726F6474696D656C696D697471007E00024C000870726F647479706571007E00024C000770726F6475637471007E00024C000C72656365697665726164647271007E00024C000C72656365697665726E616D6571007E00024C000D726563656976657270686F6E6571007E00024C000A73656E6465726164647271007E00024C000A73656E6465726E616D6571007E00024C000B73656E64657270686F6E6571007E00024C0005737461727471007E00024C000A75706461746574696D657400104C6A6176612F7574696C2F446174653B4C0003766F6C71007E00024C000677656967687471007E00017870737200106A6176612E6C616E672E446F75626C6580B3C24A296BFB0402000144000576616C7565787200106A6176612E6C616E672E4E756D62657286AC951D0B94E08B02000078704024000000000000740006E88B8FE5B79E737200116A6176612E6C616E672E496E746567657212E2A0A4F781873802000149000576616C75657871007E000700000001740001327400053030303130740001307371007E000A0000000A74000437E5A4A974000CE794B5E5AD90E4BAA7E59381740006E9BCA0E6A08774000CE88B8FE5B79EE696B0E58CBA740006E69D8EE59B9B74000B3138363132333435363738740012E88B8FE5B79EE5B7A5E4B89AE59BADE58CBA740006E5BCA0E4B88974000B313836313233343536373874000131737200126A6176612E73716C2E54696D657374616D702618D5C80153BF650200014900056E616E6F737872000E6A6176612E7574696C2E44617465686A81014B597419030000787077080000015C73D5A4007800000000740001327371007E00064024000000000000, null);
INSERT INTO `act_ge_bytearray` VALUES ('1571', '1', 'hist.var-业务数据', null, 0xACED00057372001E636E2E7A68616F2E626F732E766F2E576F726B6F726465726D616E6167659932AA938FE4CC4E0200144C00086163746C776569747400124C6A6176612F6C616E672F446F75626C653B4C000A617272697665636974797400124C6A6176612F6C616E672F537472696E673B4C000A6665656974656D6E756D7400134C6A6176612F6C616E672F496E74656765723B4C0009666C6F61647265717271007E00024C0002696471007E00024C000C6D616E61676572436865636B71007E00024C00036E756D71007E00034C000D70726F6474696D656C696D697471007E00024C000870726F647479706571007E00024C000770726F6475637471007E00024C000C72656365697665726164647271007E00024C000C72656365697665726E616D6571007E00024C000D726563656976657270686F6E6571007E00024C000A73656E6465726164647271007E00024C000A73656E6465726E616D6571007E00024C000B73656E64657270686F6E6571007E00024C0005737461727471007E00024C000A75706461746574696D657400104C6A6176612F7574696C2F446174653B4C0003766F6C71007E00024C000677656967687471007E00017870737200106A6176612E6C616E672E446F75626C6580B3C24A296BFB0402000144000576616C7565787200106A6176612E6C616E672E4E756D62657286AC951D0B94E08B02000078704024000000000000740006E88B8FE5B79E737200116A6176612E6C616E672E496E746567657212E2A0A4F781873802000149000576616C75657871007E000700000001740001327400053030303130740001307371007E000A0000000A74000437E5A4A974000CE794B5E5AD90E4BAA7E59381740006E9BCA0E6A08774000CE88B8FE5B79EE696B0E58CBA740006E69D8EE59B9B74000B3138363132333435363738740012E88B8FE5B79EE5B7A5E4B89AE59BADE58CBA740006E5BCA0E4B88974000B313836313233343536373874000131737200126A6176612E73716C2E54696D657374616D702618D5C80153BF650200014900056E616E6F737872000E6A6176612E7574696C2E44617465686A81014B597419030000787077080000015C73D5A4007800000000740001327371007E00064024000000000000, null);
INSERT INTO `act_ge_bytearray` VALUES ('203', '1', 'var-业务数据', null, 0xACED00057372001E636E2E7A68616F2E626F732E766F2E576F726B6F726465726D616E6167659932AA938FE4CC4E0200144C00086163746C776569747400124C6A6176612F6C616E672F446F75626C653B4C000A617272697665636974797400124C6A6176612F6C616E672F537472696E673B4C000A6665656974656D6E756D7400134C6A6176612F6C616E672F496E74656765723B4C0009666C6F61647265717271007E00024C0002696471007E00024C000C6D616E61676572436865636B71007E00024C00036E756D71007E00034C000D70726F6474696D656C696D697471007E00024C000870726F647479706571007E00024C000770726F6475637471007E00024C000C72656365697665726164647271007E00024C000C72656365697665726E616D6571007E00024C000D726563656976657270686F6E6571007E00024C000A73656E6465726164647271007E00024C000A73656E6465726E616D6571007E00024C000B73656E64657270686F6E6571007E00024C0005737461727471007E00024C000A75706461746574696D657400104C6A6176612F7574696C2F446174653B4C0003766F6C71007E00024C000677656967687471007E0001787070740006E88B8FE5B79E70740003E697A0740005333432343374000130737200116A6176612E6C616E672E496E746567657212E2A0A4F781873802000149000576616C7565787200106A6176612E6C616E672E4E756D62657286AC951D0B94E08B0200007870000000017070740006E9BCA0E6A08770707070707074000131737200126A6176612E73716C2E54696D657374616D702618D5C80153BF650200014900056E616E6F737872000E6A6176612E7574696C2E44617465686A81014B597419030000787077080000015C5A15D800780000000070737200106A6176612E6C616E672E446F75626C6580B3C24A296BFB0402000144000576616C75657871007E000B4008000000000000, null);
INSERT INTO `act_ge_bytearray` VALUES ('205', '1', 'hist.var-业务数据', null, 0xACED00057372001E636E2E7A68616F2E626F732E766F2E576F726B6F726465726D616E6167659932AA938FE4CC4E0200144C00086163746C776569747400124C6A6176612F6C616E672F446F75626C653B4C000A617272697665636974797400124C6A6176612F6C616E672F537472696E673B4C000A6665656974656D6E756D7400134C6A6176612F6C616E672F496E74656765723B4C0009666C6F61647265717271007E00024C0002696471007E00024C000C6D616E61676572436865636B71007E00024C00036E756D71007E00034C000D70726F6474696D656C696D697471007E00024C000870726F647479706571007E00024C000770726F6475637471007E00024C000C72656365697665726164647271007E00024C000C72656365697665726E616D6571007E00024C000D726563656976657270686F6E6571007E00024C000A73656E6465726164647271007E00024C000A73656E6465726E616D6571007E00024C000B73656E64657270686F6E6571007E00024C0005737461727471007E00024C000A75706461746574696D657400104C6A6176612F7574696C2F446174653B4C0003766F6C71007E00024C000677656967687471007E0001787070740006E88B8FE5B79E70740003E697A0740005333432343374000130737200116A6176612E6C616E672E496E746567657212E2A0A4F781873802000149000576616C7565787200106A6176612E6C616E672E4E756D62657286AC951D0B94E08B0200007870000000017070740006E9BCA0E6A08770707070707074000131737200126A6176612E73716C2E54696D657374616D702618D5C80153BF650200014900056E616E6F737872000E6A6176612E7574696C2E44617465686A81014B597419030000787077080000015C5A15D800780000000070737200106A6176612E6C616E672E446F75626C6580B3C24A296BFB0402000144000576616C75657871007E000B4008000000000000, null);
INSERT INTO `act_ge_bytearray` VALUES ('2203', '1', 'var-业务数据', null, 0xACED00057372001E636E2E7A68616F2E626F732E766F2E576F726B6F726465726D616E6167659932AA938FE4CC4E0200144C00086163746C776569747400124C6A6176612F6C616E672F446F75626C653B4C000A617272697665636974797400124C6A6176612F6C616E672F537472696E673B4C000A6665656974656D6E756D7400134C6A6176612F6C616E672F496E74656765723B4C0009666C6F61647265717271007E00024C0002696471007E00024C000C6D616E61676572436865636B71007E00024C00036E756D71007E00034C000D70726F6474696D656C696D697471007E00024C000870726F647479706571007E00024C000770726F6475637471007E00024C000C72656365697665726164647271007E00024C000C72656365697665726E616D6571007E00024C000D726563656976657270686F6E6571007E00024C000A73656E6465726164647271007E00024C000A73656E6465726E616D6571007E00024C000B73656E64657270686F6E6571007E00024C0005737461727471007E00024C000A75706461746574696D657400104C6A6176612F7574696C2F446174653B4C0003766F6C71007E00024C000677656967687471007E00017870737200106A6176612E6C616E672E446F75626C6580B3C24A296BFB0402000144000576616C7565787200106A6176612E6C616E672E4E756D62657286AC951D0B94E08B02000078704022000000000000740006E88B8FE5B79E737200116A6176612E6C616E672E496E746567657212E2A0A4F781873802000149000576616C75657871007E000700000001740001327400053030303039740001307371007E000A0000000974000437E5A4A974000CE794B5E5AD90E4BAA7E59381740006E9BCA0E6A08774000CE88B8FE5B79EE696B0E58CBA740006E69D8EE59B9B74000B3138363132333435363738740012E88B8FE5B79EE5B7A5E4B89AE59BADE58CBA740006E5BCA0E4B88974000B313836313233343536373874000131737200126A6176612E73716C2E54696D657374616D702618D5C80153BF650200014900056E616E6F737872000E6A6176612E7574696C2E44617465686A81014B597419030000787077080000015C73D5A4007800000000740001327371007E00064022000000000000, null);
INSERT INTO `act_ge_bytearray` VALUES ('2205', '1', 'hist.var-业务数据', null, 0xACED00057372001E636E2E7A68616F2E626F732E766F2E576F726B6F726465726D616E6167659932AA938FE4CC4E0200144C00086163746C776569747400124C6A6176612F6C616E672F446F75626C653B4C000A617272697665636974797400124C6A6176612F6C616E672F537472696E673B4C000A6665656974656D6E756D7400134C6A6176612F6C616E672F496E74656765723B4C0009666C6F61647265717271007E00024C0002696471007E00024C000C6D616E61676572436865636B71007E00024C00036E756D71007E00034C000D70726F6474696D656C696D697471007E00024C000870726F647479706571007E00024C000770726F6475637471007E00024C000C72656365697665726164647271007E00024C000C72656365697665726E616D6571007E00024C000D726563656976657270686F6E6571007E00024C000A73656E6465726164647271007E00024C000A73656E6465726E616D6571007E00024C000B73656E64657270686F6E6571007E00024C0005737461727471007E00024C000A75706461746574696D657400104C6A6176612F7574696C2F446174653B4C0003766F6C71007E00024C000677656967687471007E00017870737200106A6176612E6C616E672E446F75626C6580B3C24A296BFB0402000144000576616C7565787200106A6176612E6C616E672E4E756D62657286AC951D0B94E08B02000078704022000000000000740006E88B8FE5B79E737200116A6176612E6C616E672E496E746567657212E2A0A4F781873802000149000576616C75657871007E000700000001740001327400053030303039740001307371007E000A0000000974000437E5A4A974000CE794B5E5AD90E4BAA7E59381740006E9BCA0E6A08774000CE88B8FE5B79EE696B0E58CBA740006E69D8EE59B9B74000B3138363132333435363738740012E88B8FE5B79EE5B7A5E4B89AE59BADE58CBA740006E5BCA0E4B88974000B313836313233343536373874000131737200126A6176612E73716C2E54696D657374616D702618D5C80153BF650200014900056E616E6F737872000E6A6176612E7574696C2E44617465686A81014B597419030000787077080000015C73D5A4007800000000740001327371007E00064022000000000000, null);
INSERT INTO `act_ge_bytearray` VALUES ('2211', '1', 'var-业务数据', null, 0xACED00057372001E636E2E7A68616F2E626F732E766F2E576F726B6F726465726D616E6167659932AA938FE4CC4E0200144C00086163746C776569747400124C6A6176612F6C616E672F446F75626C653B4C000A617272697665636974797400124C6A6176612F6C616E672F537472696E673B4C000A6665656974656D6E756D7400134C6A6176612F6C616E672F496E74656765723B4C0009666C6F61647265717271007E00024C0002696471007E00024C000C6D616E61676572436865636B71007E00024C00036E756D71007E00034C000D70726F6474696D656C696D697471007E00024C000870726F647479706571007E00024C000770726F6475637471007E00024C000C72656365697665726164647271007E00024C000C72656365697665726E616D6571007E00024C000D726563656976657270686F6E6571007E00024C000A73656E6465726164647271007E00024C000A73656E6465726E616D6571007E00024C000B73656E64657270686F6E6571007E00024C0005737461727471007E00024C000A75706461746574696D657400104C6A6176612F7574696C2F446174653B4C0003766F6C71007E00024C000677656967687471007E00017870737200106A6176612E6C616E672E446F75626C6580B3C24A296BFB0402000144000576616C7565787200106A6176612E6C616E672E4E756D62657286AC951D0B94E08B02000078704028000000000000740006E88B8FE5B79E737200116A6176612E6C616E672E496E746567657212E2A0A4F781873802000149000576616C75657871007E000700000001740001327400053030303132740001307371007E000A0000000C74000437E5A4A974000CE794B5E5AD90E4BAA7E59381740006E9BCA0E6A08774000CE88B8FE5B79EE696B0E58CBA740006E69D8EE59B9B74000B3138363132333435363738740012E88B8FE5B79EE5B7A5E4B89AE59BADE58CBA740006E5BCA0E4B88974000B313836313233343536373874000131737200126A6176612E73716C2E54696D657374616D702618D5C80153BF650200014900056E616E6F737872000E6A6176612E7574696C2E44617465686A81014B597419030000787077080000015C73D5A4007800000000740001327371007E00064028000000000000, null);
INSERT INTO `act_ge_bytearray` VALUES ('2213', '1', 'hist.var-业务数据', null, 0xACED00057372001E636E2E7A68616F2E626F732E766F2E576F726B6F726465726D616E6167659932AA938FE4CC4E0200144C00086163746C776569747400124C6A6176612F6C616E672F446F75626C653B4C000A617272697665636974797400124C6A6176612F6C616E672F537472696E673B4C000A6665656974656D6E756D7400134C6A6176612F6C616E672F496E74656765723B4C0009666C6F61647265717271007E00024C0002696471007E00024C000C6D616E61676572436865636B71007E00024C00036E756D71007E00034C000D70726F6474696D656C696D697471007E00024C000870726F647479706571007E00024C000770726F6475637471007E00024C000C72656365697665726164647271007E00024C000C72656365697665726E616D6571007E00024C000D726563656976657270686F6E6571007E00024C000A73656E6465726164647271007E00024C000A73656E6465726E616D6571007E00024C000B73656E64657270686F6E6571007E00024C0005737461727471007E00024C000A75706461746574696D657400104C6A6176612F7574696C2F446174653B4C0003766F6C71007E00024C000677656967687471007E00017870737200106A6176612E6C616E672E446F75626C6580B3C24A296BFB0402000144000576616C7565787200106A6176612E6C616E672E4E756D62657286AC951D0B94E08B02000078704028000000000000740006E88B8FE5B79E737200116A6176612E6C616E672E496E746567657212E2A0A4F781873802000149000576616C75657871007E000700000001740001327400053030303132740001307371007E000A0000000C74000437E5A4A974000CE794B5E5AD90E4BAA7E59381740006E9BCA0E6A08774000CE88B8FE5B79EE696B0E58CBA740006E69D8EE59B9B74000B3138363132333435363738740012E88B8FE5B79EE5B7A5E4B89AE59BADE58CBA740006E5BCA0E4B88974000B313836313233343536373874000131737200126A6176612E73716C2E54696D657374616D702618D5C80153BF650200014900056E616E6F737872000E6A6176612E7574696C2E44617465686A81014B597419030000787077080000015C73D5A4007800000000740001327371007E00064028000000000000, null);
INSERT INTO `act_ge_bytearray` VALUES ('2219', '1', 'var-业务数据', null, 0xACED00057372001E636E2E7A68616F2E626F732E766F2E576F726B6F726465726D616E6167659932AA938FE4CC4E0200144C00086163746C776569747400124C6A6176612F6C616E672F446F75626C653B4C000A617272697665636974797400124C6A6176612F6C616E672F537472696E673B4C000A6665656974656D6E756D7400134C6A6176612F6C616E672F496E74656765723B4C0009666C6F61647265717271007E00024C0002696471007E00024C000C6D616E61676572436865636B71007E00024C00036E756D71007E00034C000D70726F6474696D656C696D697471007E00024C000870726F647479706571007E00024C000770726F6475637471007E00024C000C72656365697665726164647271007E00024C000C72656365697665726E616D6571007E00024C000D726563656976657270686F6E6571007E00024C000A73656E6465726164647271007E00024C000A73656E6465726E616D6571007E00024C000B73656E64657270686F6E6571007E00024C0005737461727471007E00024C000A75706461746574696D657400104C6A6176612F7574696C2F446174653B4C0003766F6C71007E00024C000677656967687471007E00017870737200106A6176612E6C616E672E446F75626C6580B3C24A296BFB0402000144000576616C7565787200106A6176612E6C616E672E4E756D62657286AC951D0B94E08B0200007870402C000000000000740006E88B8FE5B79E737200116A6176612E6C616E672E496E746567657212E2A0A4F781873802000149000576616C75657871007E000700000001740001327400053030303134740001307371007E000A0000000E74000437E5A4A974000CE794B5E5AD90E4BAA7E59381740006E9BCA0E6A08774000CE88B8FE5B79EE696B0E58CBA740006E69D8EE59B9B74000B3138363132333435363738740012E88B8FE5B79EE5B7A5E4B89AE59BADE58CBA740006E5BCA0E4B88974000B313836313233343536373874000131737200126A6176612E73716C2E54696D657374616D702618D5C80153BF650200014900056E616E6F737872000E6A6176612E7574696C2E44617465686A81014B597419030000787077080000015C73D5A4007800000000740001327371007E0006402C000000000000, null);
INSERT INTO `act_ge_bytearray` VALUES ('2221', '1', 'hist.var-业务数据', null, 0xACED00057372001E636E2E7A68616F2E626F732E766F2E576F726B6F726465726D616E6167659932AA938FE4CC4E0200144C00086163746C776569747400124C6A6176612F6C616E672F446F75626C653B4C000A617272697665636974797400124C6A6176612F6C616E672F537472696E673B4C000A6665656974656D6E756D7400134C6A6176612F6C616E672F496E74656765723B4C0009666C6F61647265717271007E00024C0002696471007E00024C000C6D616E61676572436865636B71007E00024C00036E756D71007E00034C000D70726F6474696D656C696D697471007E00024C000870726F647479706571007E00024C000770726F6475637471007E00024C000C72656365697665726164647271007E00024C000C72656365697665726E616D6571007E00024C000D726563656976657270686F6E6571007E00024C000A73656E6465726164647271007E00024C000A73656E6465726E616D6571007E00024C000B73656E64657270686F6E6571007E00024C0005737461727471007E00024C000A75706461746574696D657400104C6A6176612F7574696C2F446174653B4C0003766F6C71007E00024C000677656967687471007E00017870737200106A6176612E6C616E672E446F75626C6580B3C24A296BFB0402000144000576616C7565787200106A6176612E6C616E672E4E756D62657286AC951D0B94E08B0200007870402C000000000000740006E88B8FE5B79E737200116A6176612E6C616E672E496E746567657212E2A0A4F781873802000149000576616C75657871007E000700000001740001327400053030303134740001307371007E000A0000000E74000437E5A4A974000CE794B5E5AD90E4BAA7E59381740006E9BCA0E6A08774000CE88B8FE5B79EE696B0E58CBA740006E69D8EE59B9B74000B3138363132333435363738740012E88B8FE5B79EE5B7A5E4B89AE59BADE58CBA740006E5BCA0E4B88974000B313836313233343536373874000131737200126A6176612E73716C2E54696D657374616D702618D5C80153BF650200014900056E616E6F737872000E6A6176612E7574696C2E44617465686A81014B597419030000787077080000015C73D5A4007800000000740001327371007E0006402C000000000000, null);
INSERT INTO `act_ge_bytearray` VALUES ('306', '1', 'transferProcess.png', '305', 0x89504E470D0A1A0A0000000D49484452000003190000016B080200000032F4D34B0000233749444154789CEDDD7F6CDCF57D3F70174A6BA6223CAD1BD1FEA9ABFD81A56E8DB5564AFE1AA6D2B0276DC5D22AF0F6476A09B5CD548DA2696ABD4D9069258BA6B58BF66D51BAB599B589CD531566A9C0BC42A8D705EA41480234ED3590621A425D42A8591238123BFE7C3FB90B87B93B9FEF3E9FCFF93EF6FBF1D04BD6F97CF7BECF7D5EBEF7E779BF3E9FAE080080A4BA3ABD000000EB982C0500909C2C0500909C2C0500909C2C0500909C2C0500909C2C0500909C2C0500909C2C0500909C2C0500909C2C0500909C2C0500909C2C0500909C2C0500909C2C0500909C2C0500909C2C0500909C2C0500909C2C0500909C2C0500909C2C0500909C2C0500909C2C0500909C2C0500909C2C0500909C2C0500909C2C0500909C2C0500909C2C0500909C2C0500909C2C0500909C2C0500909C2C0500909C2C0500909C2C0500909C2C0500909C2C0500909C2C0500909C2C0500909C2C0500909C2C0500909C2C0500909C2C0500909C2C0500909C2C0500909C2C0500909C2C0500909C2C0500909C2C0500909C2C0500909C2C0500909C2C0500909C2C0500909C2C0500909C2C0500909C2C0500909C2C0500909C2C0500909C2C0500909C2C0500909C2C0500909C2C0500909C2C0500909C2C0500909C2C0500909C2C0500909C2C0500909C2C0500909C2C0500909C2C0500909C2C0500909C2C0500909C2C0500909C2C0500909C2C0500909C2C0500909C2C0500909C2C0500909C2C0500909C2C0500909C2C0500909C2C0500909C2C0500909C2C0500909C2C0500909C2C0500909C2C0500909C2C0500909C2C0500909C2C0500909C2C0500909C2C0500909C2C0500909C2C0500909C2C056F2B168BD3D3D33B76EC18784B6F6F6F1700B9174FD795A93B9EC6A7A6A6E6E7E7D766DB214BC12571841A1E1EEEEEEE2E3F08A7DF323B3BDBE945036075F1745D99BAE3697C6868A8A7A7279ED2272727DB7DD3B214A19B9B9B2B3F8F5983C71B006BA9FC3CB9BFBFBF5028B4EF56642982363535D5D7D7173FD83ABD2000B4CB912347E238353131D1A6F16529C2353939393030B0666FA803D029C562716464647C7CBC1D83CB52046A7676367E9A22480104228E53F1F3E7999999CC4796A508D4D6AD5BDBF1880220B7E267D17D7D7D71A8CA7658598A104D4E4E0E0F0F777A2900586B77DC71C7EEDDBBB31D539622444343435353539D5E0A00D65AA150E8EBEBCB764C598AE0CCCDCD6DDAB4A9D34B01406764FE190F598AE078830F206499BFCD274B119C76BC590EC07A91F9336A598AE00C0C0CD8392740B032FFC8942C4570EC0D012064B3B3B3BDBDBD190E284B119CF821E488C50021EBEACA32FFC85204A7A7A7C7EECE0142264B412AD93E84005877642948459602089C2C05A9C852008193A52015590A2070B214A4224B01044E968254642980C0C952908A2C051038590A5291A50002274B412AB21440E0642948459602089C2C05A9C852008193A52015590A2070B214A4224B01044E968254642980C0C952908A2C051038590A5291A50002274B412AB21440E0642948459602089C2C05A9C852008193A52015590A2070B214A4224B01044E968254642980C0C952908A2C051038590A5291A50002274B412AB21440E0642948459602089C2C05A9C852008193A52015590A2070B214A4224B01044E968254642980C0C952908A2C05103859AA2D8AC5E2C4C4C4C8C8C8C0C0406F6F6F57A8E2FB1EAF81E1E1E1F1F1F1F9F9F94EB7A52DBA642980B065BB21B051B9646A6A2ACE107190BAF7DE7B1FDEBFFFB9E3C72F2C2C8459F17D8FD7C0BE7DFBB66DDB16AF93385175BA39D993A50002274B65697E7E7E7474747070F0C48B272E2C5C50CBEBD42BA7E24415AF9CB9B9B94E372A4BB21440E064A9CCC441AABFBFFF1B7BBF7E61E1BC5AA9EE7FE0FE2D5BB6CCCECE76BA5D9991A50002274B65667474B414A4DE548DEBE1FD0FDD70C36F75BA5D9991A50002274B65636A6A6A70F0A685C5A26AA63EFF853FDDB9F38B9D6E5A36642980C0C9521928168BBDBDBD2F9E9C5D587C43355367CFFD7CF3E60F170A854EB72E03B21440E064A90C8C8F8F8F8E8E2E2CBE5EA91B877EB7C9BD062CBF5650B573E75F8D8D8D75BA751990A50002274B6560787878DF7DFFFE7690BA69F0A751F4C2C5E8D985E807E7A3A7CE4707CF2EEEBEEF916F9F7CEDF10BD1FF16A3C78BD181D7A387DE8CFEFEC0339FDEFE998EC79A8ED4938766FAFBFB3BDDBA0CC852008193A532D0D7D777F4E8E185C573E58AD7E9D9283AB714BDB618BD7A217A3D8AFEE4CFEFEABAE27D5B6F1A3EB9109D381F9D78339A2D46CF2D46DFFCDE53A597A6CE055867CF9DEEEEEEEE74EBD29A9F9F7FDFFBDEB75177430A40333A96A58AC5E2E4E4E48E1D3B86878707DE323434149F333131B1BE364E3D3D3DAF9C3EB9B078B65CF13A7DFD6274FEE2A53F2D2E5DFAF9AD07FFEB577FEDD7FFE2EE2F2D46D199C5E8B585E8D58528BE870F3DF174294B9D0DB3D6FB2B3AF17FE90D37DCF08DBD7BE37FDDF5F51F0B40863A90A5E2081567A6EEEEEE3845C5C969DFBEFB1EDEFF48B9EE7FE0C13BEFBC6B6464244E275BB76E5D2FBBC92EE5A133958A7F3DB7189D7E23BA70F1F205E20DEDDF7DE56B5FFCDBAF9C78E9D26E2A1796A20BA58CF5D8934F555D37A85AD759AA1CA40E3E79E8C2C262FC539C0208D69A66A923478E948FCE1667A6780BD4B80E3CFAD8B66D9FECEFEF9F9E9ECE7011DBA19487FEAF5297B2D4C5E8D4EBD1CFCE460B5174E1FCF9BEEBAFEFEABAB2ABABFB137FB06DF9150F1E3A5C75DDA06AFD66A9E541AA5CE21440B0D62E4BEDDAB52B0E460FEF7F64D514B5BCE24D54BCD1DABE7D7BB158CC7041B355CA43AF55AAFC1EDFE937A297CE442FBF191D3CFAE3EBAEBBEECA77BFE7EA6BDF3FF287EFC8524F3C79A8EABA41D53ACD52B5414A9C0208D95A64A938068D8C8C8C8D8DB594A296D757EFB927DE4AE5F6386EA53C345FA9F8D73796A2578B975E973AF566B4FF89C26F6CFEC8FB7FF957AEEDF9C5AFFDF337DF8CA2B3E7A3D7CF5FBAE2819927AAAE1B54ADC72CB5529012A70082D5F62C1507A9AD5BB74E4C4C240E5295B7FCE271F2791CB778252E2EFEBC52E5751AC7A9D716A29F5F885E3AB3F0D833B39B7FF3A337FEF6EFBC7C3EFA59317AB9189D3E1FC569EAC0E34F545D37A85A7759AA719012A700C2D4F62C353232923E4855B652719CCAE19B7D557968E0C61B9EFEE1B3079F29CC1C293C7AA8F0E8E1638F3D7DFC3B8FFFE07BCF3CFFDD43C7FEE7D08F1E3DFCA399A78E3DF3EC4FEEF987BDB7DC7A4BC7338D2CD58C668294380510A0F666A95DBB76A5796BAFB6F6EDBB6F787838C325CE44294BBDBABC3EFBD9CF34B3D3F3DFFFC427AAAE1854ADA32CD57C9012A70042D3C62C75E4C891FEFEFE0C8354B93EFDE9CFECD9B327C3854EAF94A54EAB566BBD64A9568394380510943666A93848B5BAF969A64EBC78F2031FE8CDD53B7D97B2D4C55754ABB52EB254B220254E0184A35D596A727272787838F32055AEDB6FFFDCEEDDBB335CEE944A59EA946AB5F29FA56A83D4FD0F3C78FDF57DCF1D3F5EF73FF3D42BA7376FDEFC8DBD7BC5298070B42B4BC5DB8F567725D5D24B539B366DCA70B9532A65A99755AB95F32C553748757777C78BFD810FF4D6C6A972902A7F124E9C0208475BB254BCD9E8E9E96953902AD7962D5B666666325CF4344A59EA67AAD5CA73966A10A4CAAAE2D4F220254E0104A52D596A7C7C7C7474B4AD59EAEE9D3BC7C6C6325CF4554D4C4CACB477AB52969A53ADD6DA67A9064D5CAE36489D397B6ED3A64D555FC3ACC4A9DA20158B83D789174F8A53001B5E5BB2D4F6EDDBF7ECD9D3D62CF5F0FE47E22D53868BDED8B163C7CA1BC86BAEB966DFBE7DD5775B965A0F59AA71132B1A1C22A6A7A7A7364E1D3A7CB86E90AA3DE8A43805B021B5254B0D0D0D3573F4E234F5DCF1E3BDBDBD192E7A63C562F18A2BAE286F26AFBAEAAA0F7DE843CB5FDE2865A99F66580D06ACFA5393375DF76295339BBCB976DCCD35EBE0AA4D2C5BF51031B571EA3DEF794F33414A9C02D8A8DA92A5DAB43784E575E6ECB9788B95E1A2AFAAEA2D9EABAFBEFAB6DB6E2BEF9A21FEF5E2C597D254D76A965F72A5CBAF3A54ED8D569D5869D956BD4CE27BBD961D6CDCC4A8E943C4D4C6A92683943805B021B5254BC55BACE59F146953C58B1E6F93564D216BE3E2C59369AAF108E5BFD6BDB966AED8F84F0DEE4B9BEEECF2F1F3D3C1960E11B3529C5A35488953001B4F573BB2545F5FDFF78F1E5D832C95E1A2AFEADA6BAFAD6C32874BE2CD61A150882EBF2EF56286D560C0E57FAA9C5EE9F20DCE2FFF69F9CF0657AF7BA399DCCDB5EC60E326C641AAF9BD787C67FABFAFBCF2CAAA20F5AE77BD6BEFDE7F6A728435FEC01F00EDD3962CD5D69D4B956B8D3F2F353F3F5FDE5EC631F1539FFA54FC736262E2EDBB7D295E9C48590D5E32A9BA4CE574D589BA63AE7466DDA19A5CA4F477B632FE9A7570D5261E3972248E53A75E39BDEAFF5EDD6FED95D5DDEF54DD11E2C7487C8B6B79F7016893B664A9D1D1D1E53BD769471D78F4B1AD5BB766B8E88DBDF0C20BDDDDDD43434371801B1B1BAB7A77A6142F7E92B2960FD2E0F45B69E61DA79B19B3F1CDD51DADF2EB4ACB93FE2EAF5907576D62D45C9C6A10A49A8C538214C006D3962CB57BF7EEDB6FFF5C5BB3549CD5E2C496E1A2AF6A7272727C7CBCEEDE89B2CA522BBF0EF47688A91B6B565A80E6B3544B8BB44EB354E32696358E537583D4BBDEF5AEE6E3942005B0F1B4254BC5DBAAF8A97F5BB3D4E0E0E0D4D454868B9E46295EBC90B2960F52F774F944D5AF55176E30669337D7EA3829EF72A75B57C74A716AA51D72FEFDFFFB4ADDFD4ED53DC88C2005B0F1B4254B456DFEF8F999B3E7E2AD57E5ABEC1D77296A2CCDA6AC955E04AA1ABCFC6BE5CCDA0BD45E78D53FD5DE5C8385697C8BADDEE54EB7AEBEDA38B552902A7F6B6FA5DD78561D64469002D890DA95A5DAFA36DF97BEFCE578F00C973BA552B6783EC36A30E0F23F554EAF74F956C749B03C29EF66A75BB7A2DA38B56DDB27EB06A972D5C6A9C1C1C138F40B52001B5EBBB254B158ECEDED6DC75EA6E2ED53FC8C7F6E6E2EC3E54EA914357E9C613518B0FCA7B75E1CAA7F7EC3D793EADCC4AACB9FF91DAC0CDBE9D635D2204EAD7488984A9C12A400C2D1AE2C15958E237BCBADB76EF817A5A2CB59EAB86AB5729EA5A215E254E343C4C4714A9002084A1BB354ECE337DFBC6FDF7D1906A9EF1F3DBA79F3E6784395E142A757CA52CFA9562BFF592AAA17A71AEF1B3DFE1715A40082D2DE2C353F3FBF65CB96AC3E845EFEFCEF73C78F67B8C4992865A96755ABB52EB254D4CA6E3CABFE5D05298010B4374BC50A85421CA79AD919F4AA5BA68FDF7CF3FD0F3C98E1E2664596DAD8592A6A3D4E095200E1687B968A4ADBA1CD9B371F78F4B1346FEDC5812C9F412A2AADC4A5A563AAD55A47592A6AF1203382144038D6224B45A537FBE2EDD09D77DED5EA1B2567CE9EFBD297BF5C7EA330C305CD56294BFD48B55AEB2B4B454D1F6446900208CA1A65A9A8B49784384B5D7F7D5F9C8D2A1FCE6D5CDFD8BB37BEFCEDB77F2EDE3E65B894992B65A9826AB5D65D968A9A38C88C2005109AB5CB526573737377DC71474F4FCFC76FBE398E4AB55F898ACFB9F7DE7FBDE5D65BE3CB6CDBF6C906874ECB8F5296FAA16AB5D663968A1A1E6446900208D05A67A9B262B1383939393A3A5A7B5C8EF89C38484D4C4CCCCFCF67B8646DD5DDDDFDC61B8797967EA05AAA759AA5A2150E3223480184A933596A83E9EDED7DFEF96F2F2D1D552DD5FACD52D13BE39420051032592A03434343FF39B56729FABE6ABE7E58F8565F5F5FA75B974A394E3D77FCB820051032592A03BB76ED1A1BBBADE3E9647DD53F8DDF3D3A3ADAE9D6A51547A8DEDE5E410A2064B25406666767FBFA3EF846F1E052F48C6AB286873F363939D9E9D6656003244200D290A5B2B1E392ED4BD1D3AA99FAB789BF191919EA74D3B2B1AE3FF505407AB254368AC5E2C0C0476766FE258A9E528D6B6E6E7F5FDF07E7E70F74BA69D990A50002274B65A65028F4F75F5F284C46D111B552C5412A0E9DD3D35FEF74BB32234B01044E96CAD2CCCC4C1CA776EDFAE3283AAC6A6B72F2CB7D7DBDD3D3FFD8E94665499602089C2C95B162B13836363A30F091F1F1BF9C9B7B288A0EA9F9F9FF9E98F8EB9191C1E1E181F874A75B9431590A2070B2545B4C4F4F8F8EFEDEA64DBFD44557574FCF35232337C571AAD36D698B2E590A206CD96E086C54088E2C051038590A5291A50002274B412AB21440E0642948459602089C2C05A9C852008193A52015590A2070B214A4224B01044E968254642980C0C952908A2C051038590A5291A50002274B412AB21440E0642948459602089C2C05A9C852008193A52015590A2070B214A4224B01044E968254642980C0C952908A2C051038590A5291A50002274B412AB21440E0642948459602089C2C05A9C852008193A52015590A2070B214A4224B01044E968254642980C0C952908A2C051038590A5291A50002274B412AB21440E0642948459602089C2C05A9C852008193A52015590A2070B214A4224B01044E968254642980C0C952908A2C051038590A5291A50002274B412AB21440E0642948459602089C2C05A9C852008193A52015590A2070B214A4224B01044E968254642980C0C952908A2C051038590A5291A50002274B412AB21440E0642948459602089C2C05A9C852008193A52015590A2070B214A4224B01044E968254642980C0C952908A2C051038590A5291A50002274B412AB21440E0642948459602089C2C05A9C852008193A52015590A2070B214A4224B01044E968254F29FA58AC5E2C4C4C4C8C8C8C0C0406F6F6F57A8E2FB1EAF81E1E1E1F1F1F1F9F9F94EB7A5053A58A683EBDDFAEDE0AABA64294823DB8750E6A6A6A6E2F92B9EC4EFBDF7DE87F7EF7FEEF8F10B0B0B61567CDFE335B06FDFBE6DDBB6C5EB249ECD3BDD9CA6E8A00E6E985AA71D5C499C8FE3F9BFBBBBBBBFBF3F3EB169D3A6F8E72FFCC22F140A859423E77AA302ED90DB2C153FED1B1D1D1D1C1C3CF1E2890B0B17D4F23AF5CAA978368F57CEDCDC5CA71BB5221DD4C10D5CEBA2838DFDC77FFC47ED6B6F37DE78E3E4E464CA9173BA5181F6C967968A27F1F8A9D237F67EFDC2C279B552DDFFC0FD5BB66C999D9DED74BBEAD0411D0CA1F2DCC155158BC5F7BEF7BDCB83D4873FFCE14D9B36A57FFB328F1B1568AB7C66A9F8D97069127F5335AE87F73F74C30DBFD5E976D5A1833A1848E5B683CDF8B33FFBB377BFFBDD952CF5477FF447636363E987CDE34605DA2A87596A6A6A6A70F0A685C5A26AA63EFF853FDDB9F38B9D6EDA3BE8A00E065539EC60F3AEBBEEBA7290BAF5D65B7B7B7B8BC562FA3173B7518176CB5B968A1FC9F1E3F9C593B30B8B6FA866EAECB99F6FDEFCE1F41F17CD8A0EEA606895B70EB6E4BBDFFDEE55575D156F08868686D27F52AA2C5F1B15580379CB52E3E3E3A3A3A30B8BAF57EAC6A1DF6DF21BCBCBAF1554EDDCF95799BC329F091DD4C1002B571D6CD5C73EF6B17296CA6AC07C6D54600DE42D4B0D0F0FEFBBEFDFDF9EC46F1AFC6914BD70317A7621FAC1F9E8A9F3D1C1B38BBBEF7BE4DB275F7BFC42F4BFC5E8F16274E0F5E8A137A3BF3FF0CCA7B77FA6E3536A47EAC94333FDFDFD9D6EDD653AA8830156AE3AD8AAB9B9B9784390E1EB6AF9DAA8C01AC85B96EAEBEB3B7AF4F0C2E2B972C58B77368ACE2D45AF2D46AF5E885E8FA23FF9F3BBBAAE78DFD69B864F2E4427CE4727DE8C668BD1738BD137BFF754E969F1B900EBECB9D3DDDDDD9D6EDD653AA8830156AE3A9840B61B827C6D54600DE42D4BF5F4F4BC72FAE4C2E2D972C58BF7FAC5E8FCC54B7F5A5CBAF4F35B0FFED7AFFEDAAFFFC5DD5F5A8CA2338BD16B0BD1AB0BD17C143DF4C4D3A579FC6C98959F3EEAA00E8659F9E960338AC5E2E4E4E48E1D3B86878707DE323434149F333E3E9E72A759EB69454026E2E752997C71232BA5B9F84CA5E25FCF2D46A7DF882E5CBC7C81F9F9F9BFFBCAD7BEF8B75F39F1D2A547FBC25274A134BF3FF6E45355D70DAAF2338FEBA00E8659F9E9606371848AF3D3AA1F7DEBEFEFDFB3674FB2ADC3FA581190A1DEDEDE5CED68AE3417FF5FA52ECDE317A353AF473F3B1B2D44D185F3E7FBAEBFBEABEBCAAEAEEE4FFCC1B6E5573C78E870D57583AAFCCCE33AA88361567E3AB892E9E9E9AD5BB736F93582B2780391E0CB7D795F1190B9F8C9C79123473ABD146F2BCDC5AF55AAFCFE42FC9CF8A533D1CB6F46078FFEF8BAEBAEBBF2DDEFB9FADAF78FFCE13BE6F1279E3C5475DDA02A3FF3B80EEA6098959F0ED62A168BA3A3A3B5AF3C7DFEF35FD8B7EFBE87F73F52A93BEFBC6B7070B0EA92C3C3C32DED0C3DBF2B02DA646060207EB2D2E9A5785B692E9EAF54FCEB1B4BD1ABC54BCF894FBD19ED7FA2F01B9B3FF2FE5FFE956B7B7EF16BFFFCCD37A3E8ECF9E8F5F397AE7860E689AAEB0655F999C7755007C3ACFC74B0CADCDC5CD5CB51B7DFFEB9D231AA1757AA53AF9CFEEA3DF7948F765C7981AAF967DD395D11D03EF193955C1DED3C7ED02E2EFEBC52E5E9299ECA5F5B887E7E217E66BCF0D833B39B7FF3A337FEF6EFBC7C3EFA59317AB9189D3E1FC533F981C79FA8BA6E50959F795C077530CCCA4F07979B9D9D8D635025120D0D0D354E515589EACE3BEFAA5CB7BBBB7B6666A6991BCDE38A80B62AEF97AFD34BF1B6AAB978E0C61B9EFEE1B3079F29CC1C293C7AA8F0E8E1638F3D7DFC3B8FFFE07BCF3CFFDD43C7FEE7D08F1E3DFCA399A78E3DF3EC4FEEF987BDB7DC7A4BC7E753F3B80EEA6098959F0E56148BC5E5AF48DDBD736793296A79DD7BEFBFC629AAF2EA54335FF1CBDD8A80762B140A7D7D7D9D5E8AB795E6F15797D7673FFB999A0F44D6F1FB9FF844D51583AAFCCCE33AA88361567E3A5831323252E9CEBE7DF7250852E53AF8E4A19E9E9EF238030303ABDE6EEE5604AC815C7DFCBC348F9F56AD567EE6711DD4C1302B3F1D2C9B9C9CAC04A964AF482DAFFB1F78B032DAEEDDBB1BDF74BE5604AC8DF88171C71D77747A292EBB348F5F7C45B55AF999C7755007C3ACFC74B02C7E925C8E3E434343298354B92A9F9DDAB46953E3FD4EE56B45C0DA281F163EE58E6EB3529AC74FA9562B3FF3B80EEA6098959F0EC6262626CAB9A7BBBBFBC48B2733C95267CE9EAB7CB3AFF1D3EF1CAD08584BD3D3D3CDBC0BBE064AF3F8CBAAD5CACF3CAE833A1866E5A78351696737E5D073FBED9FCB244895EB1B7BF79687EDE9E96970EB395A11B0C676ECD8B166EFF4C5CF9956DAD97A691EFF996AB5F2338FEBA00E8659F9E9E0FCFC7CE5B34D59BD2855A90F7CA0B73C72831D13E6654540478C8D8D0D0D0DB5B47FDB048E1D3B567E285E73CD35FBF6EDABFA6B691E9F53ADD61ACFE3ABA5E1CEAF9075573AB8DE2B3F1D1C1F1FAF7CE72EDB2015D7A73F7DF94B9DF1F662A56593A508DDD4D4546F6FEF8E1D3BDAF7F1A962B178C51557941F8D575D75D5873EF4A1E53382793CFFF3B834AC832ACF1DDCBE7D7B565FDFABAD87F73F521E7CEBD6AD2B2D9E2C05975E1F8EB3549CA8868686E213ED38C2CCF24313C4AEBEFAEADB6EBBADFCC590D23CFED3365565F0DA13B5BFAEBA244D2E6A5BEFD1F25BC9BC4D2B69220DE7B4835DEFB4D239C9FE1F74B0F1BDCB70CD37687AE3FF96403A184FDDE53FDDFFC0839967A9E78E1F2F0F1E6F23565A3C590A2E8B1FAB5353537196AA7C8671CD5CBCF8523B6AF9C8B5B7553E5D7B4EE3411A0FBEC6F76E2DFF3D1AA7E1FC77B071731B0FAB8369DA97C99AAF7A40ADF4F8AA3B6C081DACEC0DE1E0938732CF5271556E74A56593A5602D5C7BEDB59547E370499CD80A854274791E3F996D2D9B67DF71BAF2D7AA9FCB2F5675F9DA2B367FBAADD555FA6C44ED6277446E3BD87839BB6ABABC06772DB40ED61DBFAB9535DF55D3E88B2B3CE8BAEA35BD1DF72E6F1DACC4ACE60FBDD75255C65F698697A5A0ED2ADF31E9EBEBFBD4A73E15FF9C9898A8FCB5EBD24CF7623B6AF9C85553CF4AE754FDAC1DA499C16B476ED3BD5BCB26AE968673DAC1BA3DAD3B7E33E7EB60ABBD4BBFE6AB1E89751F83CD5C666377309E54CBE77FFFE8D17664A9CAE1F9565A36590ADAEE85175E881F8A434343BDBDBD636363555F1B2C4D7627D6BECAB7BBFCD6979F5339BF61487AC715EB8ED9D6E55FB30E36918673DAC1BA3FAB9A58D54D1DCCBC3B59ADF9951E5FB58FD6B569657E3A587979ECE1FD8F641EA44EBD72BA3C78835D4CC952B016262727C7C7C7EB7EA1B734D9FDA41DB54200AABE4CD5E9E53F1B5CB8EEF90DAEDB8E7BB766ED6B220DE7B48395AB2C3FB15207EBDE5C5BEFDD06EE60E66BBEAAD1B57DAF3DD1EE47627E3A383A3A5A5E275FBDE79ECCB3D4F78F1E2D0FDEDFDFBFD2E2C952D0616DDD5635734EDD08557B62D5D36BB9195EE3793CEA5C1A4ED9C1BA6D5AF586DADDBB103A98D59A6F10B36A5BBF81B354E30EEEDAB5AB7CF7B76DFB64E659EAEE9D3BCB838F8C8CACB46CB214745869BE7BA11D5519B9F644F9F45B936FA34B565D65D5D3B5BFB6EFDE75BA7597E5B983351BE0FADDA9DBCD76F771637730DB355F3B42ED7F42830B6CF80E160A85F24AE8E9E93973F65CB659EA861B6E280F1E27B99516202F2B02827569CA5B9A6D475546AE3D517B99954EAF7A81F2E906DA77EF3ADDBACBF2DCC166CE69307EFBEEDA86EF60E66BBE6A90BACB5CF5D7B6B62F571D8CF5F6F696279C7DFBEECB304855762E156B70848C1CAD08085369BE7BBE4DF5569A79FB44ED05AA4E3438BFEEE9DA61DB7A8F96DF4AA75B77599E3B58936BEB34B1F1F83A98A67119AEF9AAABAC7A99BAFF151BB58351E98060E535B979F3E60C5F9AFAF8CD3797871D1E1E6E70EB395A1110A6D264F7E36C6BD90C5EE7FCAA732A3FEB5EB16B65CB47A81DB3DD959F793CCF1DAC6A656D4F6B2FB352A375B0D57B97C99A6FF000ACFBCFB0968FC7FC74302A7DD1AFB217A8AC8E2473E0D1C72AEBF9C891230D6E3D472B02C2549AE98EAB562B3FF3B80EEA6098959F0E96EDDEBDBB9C7BBABBBBD3EF1CE1B9E3C72BE16CFBF6ED8D6F3A5F2B0202549AC79F53AD567EE6711DD4C1302B3F1DACD8BA756B39FDC43128CD3ED0CF9C3DB779F3E6CA50AB1EF93E772B0242539AC79F55AD567EE6711DD4C1302B3F1DAC989D9DEDE9E9A964A06487E73BF1E2C94A90EAEEEE6EE668F7B95B11101AF3F87A9FC7755007C3ACFC7470B938FA543EE41427A156F7DE79E0D1C7961F4479F7EEDDCDDC681E570404257EB82E2D1D53AD567EE6711DD4C1302B3F1DAC323939597975AAABF4CDBEFB1F78B09997A36EB9F5D6E59FEB6F324845B214745C691EFF916AB5F2338FEBA00E8659F9E960AD42A15039E0712551DD79E75DB5073F8E23D457EFB967707070F985E328D6CC5B7B15F95D111088D23C5E50AD567EE6711DD4C1302B3F1DAC6B7E7E7EC78E1DDDDDDD5DF56CD9B265A53F8D8C8CACFA61F32AB95E111082D23CFE43D56AE5671ED7411D0CB3F2D3C106E2545439F2F1AA06060666666612DCCA3A5811B0B1C5CF8DDE78E3F0D2D20F544B959F795C077530CCCA4F0757552C16272626E250D5DFDF5F959F7A7B7B878787F7ECD9D3EA6B51CBAD9B15011B55FC487EFEF96F2F2D1D552D557EE6711DD4C1302B3F1DEC382B023A6C6868E83FA7F62C45DF57CDD70F0BDFEAEBEBEB74EB2ED3411D0CB072D5C18E93A5A0C376EDDA3536765BC767C6F555FF347EF7E8E868A75B77990EEA608095AB0E769C2C051D363B3BDBD7F7C1378A0797A2675493353CFCB1C9C9C94EB7EE321DD4C1002B571DEC38590A3A6FC725DB97A2A75533F56F137F333232D4E9A6BD830EEA605095C30E76962C059D572C1607063E3A33F32F51F4946A5C7373FBFBFA3E383F7FA0D34D7B071DD4C1702A9F1DEC2C590A72A15028F4F75F5F284C46D111B552C59378BCC19B9EFE7AA7DB55870EEA600895E70E76902C0579313333134FE5BB76FD71141D56B53539F9E5BEBEDEE9E97FEC74A356A4833AB8B12BFF1DEC14590A72A4582C8E8D8D0E0C7C647CFC2FE7E61E8AA2436A7EFEBF2726FE7A6464707878203EDDE916AD42077570E3D5FAEA6047C852903BD3D3D3A3A3BFB769D32F3579DC838DADA7E79A91919BE2A9BCD36D69810E2EA783EBDD7AECE01A93A500009293A500009293A500009293A500009293A500009293A500009293A500009293A500009293A500009293A500009293A500009293A500009293A500009293A500009293A500009293A500009293A500009293A500009293A500009293A500009293A500009293A500009293A500009293A500009293A500009293A500009293A500009293A500009293A500009293A500009293A500009293A500009293A500009293A500009293A500009293A500009293A500009293A500009293A500009293A500009293A500009293A500009293A500009293A500009293A500009293A500009293A500009293A500009293A500009293A500009293A500009293A500009293A500009293A500009293A500009293A5000092FBFFCFD702EBCAB1094B0000000049454E44AE426082, '0');
INSERT INTO `act_ge_bytearray` VALUES ('307', '1', 'transferProcess.bpmn', '305', 0x3C3F786D6C2076657273696F6E3D22312E302220656E636F64696E673D225554462D38223F3E0A3C646566696E6974696F6E7320786D6C6E733D22687474703A2F2F7777772E6F6D672E6F72672F737065632F42504D4E2F32303130303532342F4D4F44454C2220786D6C6E733A7873693D22687474703A2F2F7777772E77332E6F72672F323030312F584D4C536368656D612D696E7374616E63652220786D6C6E733A61637469766974693D22687474703A2F2F61637469766974692E6F72672F62706D6E2220786D6C6E733A62706D6E64693D22687474703A2F2F7777772E6F6D672E6F72672F737065632F42504D4E2F32303130303532342F44492220786D6C6E733A6F6D6764633D22687474703A2F2F7777772E6F6D672E6F72672F737065632F44442F32303130303532342F44432220786D6C6E733A6F6D6764693D22687474703A2F2F7777772E6F6D672E6F72672F737065632F44442F32303130303532342F44492220747970654C616E67756167653D22687474703A2F2F7777772E77332E6F72672F323030312F584D4C536368656D61222065787072657373696F6E4C616E67756167653D22687474703A2F2F7777772E77332E6F72672F313939392F585061746822207461726765744E616D6573706163653D22687474703A2F2F7777772E61637469766974692E6F72672F74657374223E0A20203C70726F636573732069643D227472616E7366657222206E616D653D22E789A9E6B581E9858DE98081E6B581E7A88B2220697345786563757461626C653D2274727565223E0A202020203C73746172744576656E742069643D2273746172746576656E743122206E616D653D225374617274223E3C2F73746172744576656E743E0A202020203C757365725461736B2069643D22636865636B576F726B4F726465724D616E61676522206E616D653D22E5AEA1E6A0B8E5B7A5E4BD9CE58D95222061637469766974693A63616E64696461746547726F7570733D22E4B89AE58AA1E59198223E3C2F757365725461736B3E0A202020203C73657175656E6365466C6F772069643D22666C6F77312220736F757263655265663D2273746172746576656E743122207461726765745265663D22636865636B576F726B4F726465724D616E616765223E3C2F73657175656E6365466C6F773E0A202020203C6578636C7573697665476174657761792069643D22636865636B5965734F724E6F22206E616D653D224578636C75736976652047617465776179223E3C2F6578636C7573697665476174657761793E0A202020203C73657175656E6365466C6F772069643D22666C6F77322220736F757263655265663D22636865636B576F726B4F726465724D616E61676522207461726765745265663D22636865636B5965734F724E6F223E3C2F73657175656E6365466C6F773E0A202020203C757365725461736B2069643D226F757453746F726522206E616D653D22E8B4A7E789A9E587BAE5BA93222061637469766974693A63616E64696461746547726F7570733D22E4BB93E5BA93E7AEA1E79086E59198223E3C2F757365725461736B3E0A202020203C73657175656E6365466C6F772069643D22666C6F77332220736F757263655265663D22636865636B5965734F724E6F22207461726765745265663D226F757453746F7265223E3C2F73657175656E6365466C6F773E0A202020203C757365725461736B2069643D227472616E73666572476F6F647322206E616D653D22E8B4A7E789A9E9858DE98081222061637469766974693A63616E64696461746547726F7570733D22E58F96E6B4BEE59198223E3C2F757365725461736B3E0A202020203C73657175656E6365466C6F772069643D22666C6F77342220736F757263655265663D226F757453746F726522207461726765745265663D227472616E73666572476F6F6473223E3C2F73657175656E6365466C6F773E0A202020203C757365725461736B2069643D227265636569766522206E616D653D22E9858DE98081E7ADBEE694B6222061637469766974693A63616E64696461746547726F7570733D22E58F96E6B4BEE59198223E3C2F757365725461736B3E0A202020203C73657175656E6365466C6F772069643D22666C6F77352220736F757263655265663D227472616E73666572476F6F647322207461726765745265663D2272656365697665223E3C2F73657175656E6365466C6F773E0A202020203C656E644576656E742069643D22656E646576656E743122206E616D653D22456E64223E3C2F656E644576656E743E0A202020203C73657175656E6365466C6F772069643D22666C6F77362220736F757263655265663D227265636569766522207461726765745265663D22656E646576656E7431223E3C2F73657175656E6365466C6F773E0A202020203C73657175656E6365466C6F772069643D22666C6F77372220736F757263655265663D22636865636B5965734F724E6F22207461726765745265663D22656E646576656E7431223E0A2020202020203C636F6E646974696F6E45787072657373696F6E207873693A747970653D2274466F726D616C45787072657373696F6E223E3C215B43444154415B247B636865636B203D3D20307D5D5D3E3C2F636F6E646974696F6E45787072657373696F6E3E0A202020203C2F73657175656E6365466C6F773E0A20203C2F70726F636573733E0A20203C62706D6E64693A42504D4E4469616772616D2069643D2242504D4E4469616772616D5F7472616E73666572223E0A202020203C62706D6E64693A42504D4E506C616E652062706D6E456C656D656E743D227472616E73666572222069643D2242504D4E506C616E655F7472616E73666572223E0A2020202020203C62706D6E64693A42504D4E53686170652062706D6E456C656D656E743D2273746172746576656E7431222069643D2242504D4E53686170655F73746172746576656E7431223E0A20202020202020203C6F6D6764633A426F756E6473206865696768743D2233352E30222077696474683D2233352E302220783D22322E302220793D223135322E30223E3C2F6F6D6764633A426F756E64733E0A2020202020203C2F62706D6E64693A42504D4E53686170653E0A2020202020203C62706D6E64693A42504D4E53686170652062706D6E456C656D656E743D22636865636B576F726B4F726465724D616E616765222069643D2242504D4E53686170655F636865636B576F726B4F726465724D616E616765223E0A20202020202020203C6F6D6764633A426F756E6473206865696768743D2235352E30222077696474683D223130352E302220783D2238322E302220793D223134322E30223E3C2F6F6D6764633A426F756E64733E0A2020202020203C2F62706D6E64693A42504D4E53686170653E0A2020202020203C62706D6E64693A42504D4E53686170652062706D6E456C656D656E743D22636865636B5965734F724E6F222069643D2242504D4E53686170655F636865636B5965734F724E6F223E0A20202020202020203C6F6D6764633A426F756E6473206865696768743D2234302E30222077696474683D2234302E302220783D223233322E302220793D223135302E30223E3C2F6F6D6764633A426F756E64733E0A2020202020203C2F62706D6E64693A42504D4E53686170653E0A2020202020203C62706D6E64693A42504D4E53686170652062706D6E456C656D656E743D226F757453746F7265222069643D2242504D4E53686170655F6F757453746F7265223E0A20202020202020203C6F6D6764633A426F756E6473206865696768743D2235352E30222077696474683D223130352E302220783D223330302E302220793D223235322E30223E3C2F6F6D6764633A426F756E64733E0A2020202020203C2F62706D6E64693A42504D4E53686170653E0A2020202020203C62706D6E64693A42504D4E53686170652062706D6E456C656D656E743D227472616E73666572476F6F6473222069643D2242504D4E53686170655F7472616E73666572476F6F6473223E0A20202020202020203C6F6D6764633A426F756E6473206865696768743D2235352E30222077696474683D223130352E302220783D223435302E302220793D223235322E30223E3C2F6F6D6764633A426F756E64733E0A2020202020203C2F62706D6E64693A42504D4E53686170653E0A2020202020203C62706D6E64693A42504D4E53686170652062706D6E456C656D656E743D2272656365697665222069643D2242504D4E53686170655F72656365697665223E0A20202020202020203C6F6D6764633A426F756E6473206865696768743D2235352E30222077696474683D223130352E302220783D223630302E302220793D223235322E30223E3C2F6F6D6764633A426F756E64733E0A2020202020203C2F62706D6E64693A42504D4E53686170653E0A2020202020203C62706D6E64693A42504D4E53686170652062706D6E456C656D656E743D22656E646576656E7431222069643D2242504D4E53686170655F656E646576656E7431223E0A20202020202020203C6F6D6764633A426F756E6473206865696768743D2233352E30222077696474683D2233352E302220783D223735302E302220793D223236322E30223E3C2F6F6D6764633A426F756E64733E0A2020202020203C2F62706D6E64693A42504D4E53686170653E0A2020202020203C62706D6E64693A42504D4E456467652062706D6E456C656D656E743D22666C6F7731222069643D2242504D4E456467655F666C6F7731223E0A20202020202020203C6F6D6764693A776179706F696E7420783D2233372E302220793D223136392E30223E3C2F6F6D6764693A776179706F696E743E0A20202020202020203C6F6D6764693A776179706F696E7420783D2238322E302220793D223136392E30223E3C2F6F6D6764693A776179706F696E743E0A2020202020203C2F62706D6E64693A42504D4E456467653E0A2020202020203C62706D6E64693A42504D4E456467652062706D6E456C656D656E743D22666C6F7732222069643D2242504D4E456467655F666C6F7732223E0A20202020202020203C6F6D6764693A776179706F696E7420783D223138372E302220793D223136392E30223E3C2F6F6D6764693A776179706F696E743E0A20202020202020203C6F6D6764693A776179706F696E7420783D223233322E302220793D223137302E30223E3C2F6F6D6764693A776179706F696E743E0A2020202020203C2F62706D6E64693A42504D4E456467653E0A2020202020203C62706D6E64693A42504D4E456467652062706D6E456C656D656E743D22666C6F7733222069643D2242504D4E456467655F666C6F7733223E0A20202020202020203C6F6D6764693A776179706F696E7420783D223235322E302220793D223139302E30223E3C2F6F6D6764693A776179706F696E743E0A20202020202020203C6F6D6764693A776179706F696E7420783D223235322E302220793D223237382E30223E3C2F6F6D6764693A776179706F696E743E0A20202020202020203C6F6D6764693A776179706F696E7420783D223330302E302220793D223237392E30223E3C2F6F6D6764693A776179706F696E743E0A2020202020203C2F62706D6E64693A42504D4E456467653E0A2020202020203C62706D6E64693A42504D4E456467652062706D6E456C656D656E743D22666C6F7734222069643D2242504D4E456467655F666C6F7734223E0A20202020202020203C6F6D6764693A776179706F696E7420783D223430352E302220793D223237392E30223E3C2F6F6D6764693A776179706F696E743E0A20202020202020203C6F6D6764693A776179706F696E7420783D223435302E302220793D223237392E30223E3C2F6F6D6764693A776179706F696E743E0A2020202020203C2F62706D6E64693A42504D4E456467653E0A2020202020203C62706D6E64693A42504D4E456467652062706D6E456C656D656E743D22666C6F7735222069643D2242504D4E456467655F666C6F7735223E0A20202020202020203C6F6D6764693A776179706F696E7420783D223535352E302220793D223237392E30223E3C2F6F6D6764693A776179706F696E743E0A20202020202020203C6F6D6764693A776179706F696E7420783D223630302E302220793D223237392E30223E3C2F6F6D6764693A776179706F696E743E0A2020202020203C2F62706D6E64693A42504D4E456467653E0A2020202020203C62706D6E64693A42504D4E456467652062706D6E456C656D656E743D22666C6F7736222069643D2242504D4E456467655F666C6F7736223E0A20202020202020203C6F6D6764693A776179706F696E7420783D223730352E302220793D223237392E30223E3C2F6F6D6764693A776179706F696E743E0A20202020202020203C6F6D6764693A776179706F696E7420783D223735302E302220793D223237392E30223E3C2F6F6D6764693A776179706F696E743E0A2020202020203C2F62706D6E64693A42504D4E456467653E0A2020202020203C62706D6E64693A42504D4E456467652062706D6E456C656D656E743D22666C6F7737222069643D2242504D4E456467655F666C6F7737223E0A20202020202020203C6F6D6764693A776179706F696E7420783D223235322E302220793D223135302E30223E3C2F6F6D6764693A776179706F696E743E0A20202020202020203C6F6D6764693A776179706F696E7420783D223235322E302220793D2239352E30223E3C2F6F6D6764693A776179706F696E743E0A20202020202020203C6F6D6764693A776179706F696E7420783D223736372E302220793D2239352E30223E3C2F6F6D6764693A776179706F696E743E0A20202020202020203C6F6D6764693A776179706F696E7420783D223736372E302220793D223236322E30223E3C2F6F6D6764693A776179706F696E743E0A2020202020203C2F62706D6E64693A42504D4E456467653E0A202020203C2F62706D6E64693A42504D4E506C616E653E0A20203C2F62706D6E64693A42504D4E4469616772616D3E0A3C2F646566696E6974696F6E733E, '0');
INSERT INTO `act_ge_bytearray` VALUES ('311', '1', 'var-业务数据', null, 0xACED00057372001E636E2E7A68616F2E626F732E766F2E576F726B6F726465726D616E6167659932AA938FE4CC4E0200144C00086163746C776569747400124C6A6176612F6C616E672F446F75626C653B4C000A617272697665636974797400124C6A6176612F6C616E672F537472696E673B4C000A6665656974656D6E756D7400134C6A6176612F6C616E672F496E74656765723B4C0009666C6F61647265717271007E00024C0002696471007E00024C000C6D616E61676572436865636B71007E00024C00036E756D71007E00034C000D70726F6474696D656C696D697471007E00024C000870726F647479706571007E00024C000770726F6475637471007E00024C000C72656365697665726164647271007E00024C000C72656365697665726E616D6571007E00024C000D726563656976657270686F6E6571007E00024C000A73656E6465726164647271007E00024C000A73656E6465726E616D6571007E00024C000B73656E64657270686F6E6571007E00024C0005737461727471007E00024C000A75706461746574696D657400104C6A6176612F7574696C2F446174653B4C0003766F6C71007E00024C000677656967687471007E0001787070740006E88B8FE5B79E70740003E697A07400043334323474000130737200116A6176612E6C616E672E496E746567657212E2A0A4F781873802000149000576616C7565787200106A6176612E6C616E672E4E756D62657286AC951D0B94E08B0200007870000000037070740006E9BCA0E6A08770707070707074000131737200126A6176612E73716C2E54696D657374616D702618D5C80153BF650200014900056E616E6F737872000E6A6176612E7574696C2E44617465686A81014B597419030000787077080000015C5A15D800780000000070737200106A6176612E6C616E672E446F75626C6580B3C24A296BFB0402000144000576616C75657871007E000B4010000000000000, null);
INSERT INTO `act_ge_bytearray` VALUES ('313', '1', 'hist.var-业务数据', null, 0xACED00057372001E636E2E7A68616F2E626F732E766F2E576F726B6F726465726D616E6167659932AA938FE4CC4E0200144C00086163746C776569747400124C6A6176612F6C616E672F446F75626C653B4C000A617272697665636974797400124C6A6176612F6C616E672F537472696E673B4C000A6665656974656D6E756D7400134C6A6176612F6C616E672F496E74656765723B4C0009666C6F61647265717271007E00024C0002696471007E00024C000C6D616E61676572436865636B71007E00024C00036E756D71007E00034C000D70726F6474696D656C696D697471007E00024C000870726F647479706571007E00024C000770726F6475637471007E00024C000C72656365697665726164647271007E00024C000C72656365697665726E616D6571007E00024C000D726563656976657270686F6E6571007E00024C000A73656E6465726164647271007E00024C000A73656E6465726E616D6571007E00024C000B73656E64657270686F6E6571007E00024C0005737461727471007E00024C000A75706461746574696D657400104C6A6176612F7574696C2F446174653B4C0003766F6C71007E00024C000677656967687471007E0001787070740006E88B8FE5B79E70740003E697A07400043334323474000130737200116A6176612E6C616E672E496E746567657212E2A0A4F781873802000149000576616C7565787200106A6176612E6C616E672E4E756D62657286AC951D0B94E08B0200007870000000037070740006E9BCA0E6A08770707070707074000131737200126A6176612E73716C2E54696D657374616D702618D5C80153BF650200014900056E616E6F737872000E6A6176612E7574696C2E44617465686A81014B597419030000787077080000015C5A15D800780000000070737200106A6176612E6C616E672E446F75626C6580B3C24A296BFB0402000144000576616C75657871007E000B4010000000000000, null);
INSERT INTO `act_ge_bytearray` VALUES ('406', '1', 'hist.var-业务数据', null, 0xACED00057372001E636E2E7A68616F2E626F732E766F2E576F726B6F726465726D616E6167659932AA938FE4CC4E0200144C00086163746C776569747400124C6A6176612F6C616E672F446F75626C653B4C000A617272697665636974797400124C6A6176612F6C616E672F537472696E673B4C000A6665656974656D6E756D7400134C6A6176612F6C616E672F496E74656765723B4C0009666C6F61647265717271007E00024C0002696471007E00024C000C6D616E61676572436865636B71007E00024C00036E756D71007E00034C000D70726F6474696D656C696D697471007E00024C000870726F647479706571007E00024C000770726F6475637471007E00024C000C72656365697665726164647271007E00024C000C72656365697665726E616D6571007E00024C000D726563656976657270686F6E6571007E00024C000A73656E6465726164647271007E00024C000A73656E6465726E616D6571007E00024C000B73656E64657270686F6E6571007E00024C0005737461727471007E00024C000A75706461746574696D657400104C6A6176612F7574696C2F446174653B4C0003766F6C71007E00024C000677656967687471007E0001787070740006E88B8FE5B79E70740003E697A0740005333332333274000130737200116A6176612E6C616E672E496E746567657212E2A0A4F781873802000149000576616C7565787200106A6176612E6C616E672E4E756D62657286AC951D0B94E08B0200007870000000027070740006E9BCA0E6A08770707070707074000131737200126A6176612E73716C2E54696D657374616D702618D5C80153BF650200014900056E616E6F737872000E6A6176612E7574696C2E44617465686A81014B597419030000787077080000015C5A15D800780000000070737200106A6176612E6C616E672E446F75626C6580B3C24A296BFB0402000144000576616C75657871007E000B4008000000000000, null);
INSERT INTO `act_ge_bytearray` VALUES ('603', '1', 'var-业务数据', null, 0xACED00057372001E636E2E7A68616F2E626F732E766F2E576F726B6F726465726D616E6167659932AA938FE4CC4E0200144C00086163746C776569747400124C6A6176612F6C616E672F446F75626C653B4C000A617272697665636974797400124C6A6176612F6C616E672F537472696E673B4C000A6665656974656D6E756D7400134C6A6176612F6C616E672F496E74656765723B4C0009666C6F61647265717271007E00024C0002696471007E00024C000C6D616E61676572436865636B71007E00024C00036E756D71007E00034C000D70726F6474696D656C696D697471007E00024C000870726F647479706571007E00024C000770726F6475637471007E00024C000C72656365697665726164647271007E00024C000C72656365697665726E616D6571007E00024C000D726563656976657270686F6E6571007E00024C000A73656E6465726164647271007E00024C000A73656E6465726E616D6571007E00024C000B73656E64657270686F6E6571007E00024C0005737461727471007E00024C000A75706461746574696D657400104C6A6176612F7574696C2F446174653B4C0003766F6C71007E00024C000677656967687471007E0001787070740006E69DADE5B79E70740003E697A074000C33323334343335343335343374000130737200116A6176612E6C616E672E496E746567657212E2A0A4F781873802000149000576616C7565787200106A6176612E6C616E672E4E756D62657286AC951D0B94E08B020000787000007EB07070740006E9BCA0E6A08770707070707074000131737200126A6176612E73716C2E54696D657374616D702618D5C80153BF650200014900056E616E6F737872000E6A6176612E7574696C2E44617465686A81014B597419030000787077080000015C5A15D800780000000070737200106A6176612E6C616E672E446F75626C6580B3C24A296BFB0402000144000576616C75657871007E000B40933C0000000000, null);
INSERT INTO `act_ge_bytearray` VALUES ('605', '1', 'hist.var-业务数据', null, 0xACED00057372001E636E2E7A68616F2E626F732E766F2E576F726B6F726465726D616E6167659932AA938FE4CC4E0200144C00086163746C776569747400124C6A6176612F6C616E672F446F75626C653B4C000A617272697665636974797400124C6A6176612F6C616E672F537472696E673B4C000A6665656974656D6E756D7400134C6A6176612F6C616E672F496E74656765723B4C0009666C6F61647265717271007E00024C0002696471007E00024C000C6D616E61676572436865636B71007E00024C00036E756D71007E00034C000D70726F6474696D656C696D697471007E00024C000870726F647479706571007E00024C000770726F6475637471007E00024C000C72656365697665726164647271007E00024C000C72656365697665726E616D6571007E00024C000D726563656976657270686F6E6571007E00024C000A73656E6465726164647271007E00024C000A73656E6465726E616D6571007E00024C000B73656E64657270686F6E6571007E00024C0005737461727471007E00024C000A75706461746574696D657400104C6A6176612F7574696C2F446174653B4C0003766F6C71007E00024C000677656967687471007E0001787070740006E69DADE5B79E70740003E697A074000C33323334343335343335343374000130737200116A6176612E6C616E672E496E746567657212E2A0A4F781873802000149000576616C7565787200106A6176612E6C616E672E4E756D62657286AC951D0B94E08B020000787000007EB07070740006E9BCA0E6A08770707070707074000131737200126A6176612E73716C2E54696D657374616D702618D5C80153BF650200014900056E616E6F737872000E6A6176612E7574696C2E44617465686A81014B597419030000787077080000015C5A15D800780000000070737200106A6176612E6C616E672E446F75626C6580B3C24A296BFB0402000144000576616C75657871007E000B40933C0000000000, null);
INSERT INTO `act_ge_bytearray` VALUES ('702', '1', 'transferProcess.png', '701', 0x89504E470D0A1A0A0000000D49484452000003190000016B080200000032F4D34B0000233749444154789CEDDD7F6CDCF57D3F70174A6BA6223CAD1BD1FEA9ABFD81A56E8DB5564AFE1AA6D2B0276DC5D22AF0F6476A09B5CD548DA2696ABD4D9069258BA6B58BF66D51BAB599B589CD531566A9C0BC42A8D705EA41480234ED3590621A425D42A8591238123BFE7C3FB90B87B93B9FEF3E9FCFF93EF6FBF1D04BD6F97CF7BECF7D5EBEF7E779BF3E9FAE080080A4BA3ABD000000EB982C0500909C2C0500909C2C0500909C2C0500909C2C0500909C2C0500909C2C0500909C2C0500909C2C0500909C2C0500909C2C0500909C2C0500909C2C0500909C2C0500909C2C0500909C2C0500909C2C0500909C2C0500909C2C0500909C2C0500909C2C0500909C2C0500909C2C0500909C2C0500909C2C0500909C2C0500909C2C0500909C2C0500909C2C0500909C2C0500909C2C0500909C2C0500909C2C0500909C2C0500909C2C0500909C2C0500909C2C0500909C2C0500909C2C0500909C2C0500909C2C0500909C2C0500909C2C0500909C2C0500909C2C0500909C2C0500909C2C0500909C2C0500909C2C0500909C2C0500909C2C0500909C2C0500909C2C0500909C2C0500909C2C0500909C2C0500909C2C0500909C2C0500909C2C0500909C2C0500909C2C0500909C2C0500909C2C0500909C2C0500909C2C0500909C2C0500909C2C0500909C2C0500909C2C0500909C2C0500909C2C0500909C2C0500909C2C0500909C2C0500909C2C0500909C2C0500909C2C0500909C2C0500909C2C0500909C2C0500909C2C0500909C2C0500909C2C0500909C2C0500909C2C0500909C2C0500909C2C0500909C2C0500909C2C0500909C2C0500909C2C0500909C2C0500909C2C0500909C2C056F2B168BD3D3D33B76EC18784B6F6F6F1700B9174FD795A93B9EC6A7A6A6E6E7E7D766DB214BC12571841A1E1EEEEEEE2E3F08A7DF323B3BDBE945036075F1745D99BAE3697C6868A8A7A7279ED2272727DB7DD3B214A19B9B9B2B3F8F5983C71B006BA9FC3CB9BFBFBF5028B4EF56642982363535D5D7D7173FD83ABD2000B4CB912347E238353131D1A6F16529C2353939393030B0666FA803D029C562716464647C7CBC1D83CB52046A7676367E9A22480104228E53F1F3E7999999CC4796A508D4D6AD5BDBF1880220B7E267D17D7D7D71A8CA7658598A104D4E4E0E0F0F777A2900586B77DC71C7EEDDBBB31D539622444343435353539D5E0A00D65AA150E8EBEBCB764C598AE0CCCDCD6DDAB4A9D34B01406764FE190F598AE078830F206499BFCD274B119C76BC590EC07A91F9336A598AE00C0C0CD8392740B032FFC8942C4570EC0D012064B3B3B3BDBDBD190E284B119CF821E488C50021EBEACA32FFC85204A7A7A7C7EECE0142264B412AD93E84005877642948459602089C2C05A9C852008193A52015590A2070B214A4224B01044E968254642980C0C952908A2C051038590A5291A50002274B412AB21440E0642948459602089C2C05A9C852008193A52015590A2070B214A4224B01044E968254642980C0C952908A2C051038590A5291A50002274B412AB21440E0642948459602089C2C05A9C852008193A52015590A2070B214A4224B01044E968254642980C0C952908A2C051038590A5291A50002274B412AB21440E0642948459602089C2C05A9C852008193A52015590A2070B214A4224B01044E968254642980C0C952908A2C05103859AA2D8AC5E2C4C4C4C8C8C8C0C0406F6F6F57A8E2FB1EAF81E1E1E1F1F1F1F9F9F94EB7A52DBA642980B065BB21B051B9646A6A2ACE107190BAF7DE7B1FDEBFFFB9E3C72F2C2C8459F17D8FD7C0BE7DFBB66DDB16AF93385175BA39D993A50002274B65697E7E7E7474747070F0C48B272E2C5C50CBEBD42BA7E24415AF9CB9B9B94E372A4BB21440E064A9CCC441AABFBFFF1B7BBF7E61E1BC5AA9EE7FE0FE2D5BB6CCCECE76BA5D9991A50002274B65667474B414A4DE548DEBE1FD0FDD70C36F75BA5D9991A50002274B65636A6A6A70F0A685C5A26AA63EFF853FDDB9F38B9D6E5A36642980C0C9521928168BBDBDBD2F9E9C5D587C43355367CFFD7CF3E60F170A854EB72E03B21440E064A90C8C8F8F8F8E8E2E2CBE5EA91B877EB7C9BD062CBF5650B573E75F8D8D8D75BA751990A50002274B6560787878DF7DFFFE7690BA69F0A751F4C2C5E8D985E807E7A3A7CE4707CF2EEEBEEF916F9F7CEDF10BD1FF16A3C78BD181D7A387DE8CFEFEC0339FDEFE998EC79A8ED4938766FAFBFB3BDDBA0CC852008193A532D0D7D777F4E8E185C573E58AD7E9D9283AB714BDB618BD7A217A3D8AFEE4CFEFEABAE27D5B6F1A3EB9109D381F9D78339A2D46CF2D46DFFCDE53A597A6CE055867CF9DEEEEEEEE74EBD29A9F9F7FDFFBDEB75177430A40333A96A58AC5E2E4E4E48E1D3B86878707DE323434149F333131B1BE364E3D3D3DAF9C3EB9B078B65CF13A7DFD6274FEE2A53F2D2E5DFAF9AD07FFEB577FEDD7FFE2EE2F2D46D199C5E8B585E8D58528BE870F3DF174294B9D0DB3D6FB2B3AF17FE90D37DCF08DBD7BE37FDDF5F51F0B40863A90A5E2081567A6EEEEEE3845C5C969DFBEFB1EDEFF48B9EE7FE0C13BEFBC6B6464244E275BB76E5D2FBBC92EE5A133958A7F3DB7189D7E23BA70F1F205E20DEDDF7DE56B5FFCDBAF9C78E9D26E2A1796A20BA58CF5D8934F555D37A85AD759AA1CA40E3E79E8C2C262FC539C0208D69A66A923478E948FCE1667A6780BD4B80E3CFAD8B66D9FECEFEF9F9E9ECE7011DBA19487FEAF5297B2D4C5E8D4EBD1CFCE460B5174E1FCF9BEEBAFEFEABAB2ABABFB137FB06DF9150F1E3A5C75DDA06AFD66A9E541AA5CE21440B0D62E4BEDDAB52B0E460FEF7F64D514B5BCE24D54BCD1DABE7D7BB158CC7041B355CA43AF55AAFC1EDFE937A297CE442FBF191D3CFAE3EBAEBBEECA77BFE7EA6BDF3FF287EFC8524F3C79A8EABA41D53ACD52B5414A9C0208D95A64A938068D8C8C8C8D8DB594A296D757EFB927DE4AE5F6386EA53C345FA9F8D73796A2578B975E973AF566B4FF89C26F6CFEC8FB7FF957AEEDF9C5AFFDF337DF8CA2B3E7A3D7CF5FBAE2819927AAAE1B54ADC72CB5529012A70082D5F62C1507A9AD5BB74E4C4C240E5295B7FCE271F2791CB778252E2EFEBC52E5751AC7A9D716A29F5F885E3AB3F0D833B39B7FF3A337FEF6EFBC7C3EFA59317AB9189D3E1FC569EAC0E34F545D37A85A7759AA719012A700C2D4F62C353232923E4855B652719CCAE19B7D557968E0C61B9EFEE1B3079F29CC1C293C7AA8F0E8E1638F3D7DFC3B8FFFE07BCF3CFFDD43C7FEE7D08F1E3DFCA399A78E3DF3EC4FEEF987BDB7DC7A4BC7338D2CD58C668294380510A0F666A95DBB76A5796BAFB6F6EDBB6F787838C325CE44294BBDBABC3EFBD9CF34B3D3F3DFFFC427AAAE1854ADA32CD57C9012A70042D3C62C75E4C891FEFEFE0C8354B93EFDE9CFECD9B327C3854EAF94A54EAB566BBD64A9568394380510943666A93848B5BAF969A64EBC78F2031FE8CDD53B7D97B2D4C55754ABB52EB254B220254E0184A35D596A727272787838F32055AEDB6FFFDCEEDDBB335CEE944A59EA946AB5F29FA56A83D4FD0F3C78FDF57DCF1D3F5EF73FF3D42BA7376FDEFC8DBD7BC5298070B42B4BC5DB8F567725D5D24B539B366DCA70B9532A65A99755AB95F32C553748757777C78BFD810FF4D6C6A972902A7F124E9C0208475BB254BCD9E8E9E96953902AD7962D5B666666325CF4344A59EA67AAD5CA73966A10A4CAAAE2D4F220254E0104A52D596A7C7C7C7474B4AD59EAEE9D3BC7C6C6325CF4554D4C4CACB477AB52969A53ADD6DA67A9064D5CAE36489D397B6ED3A64D555FC3ACC4A9DA20158B83D789174F8A53001B5E5BB2D4F6EDDBF7ECD9D3D62CF5F0FE47E22D53868BDED8B163C7CA1BC86BAEB966DFBE7DD5775B965A0F59AA71132B1A1C22A6A7A7A7364E1D3A7CB86E90AA3DE8A43805B021B5254B0D0D0D3573F4E234F5DCF1E3BDBDBD192E7A63C562F18A2BAE286F26AFBAEAAA0F7DE843CB5FDE2865A99F66580D06ACFA5393375DF76295339BBCB976DCCD35EBE0AA4D2C5BF51031B571EA3DEF794F33414A9C02D8A8DA92A5DAB43784E575E6ECB9788B95E1A2AFAAEA2D9EABAFBEFAB6DB6E2BEF9A21FEF5E2C597D254D76A965F72A5CBAF3A54ED8D569D5869D956BD4CE27BBD961D6CDCC4A8E943C4D4C6A92683943805B021B5254BC55BACE59F146953C58B1E6F93564D216BE3E2C59369AAF108E5BFD6BDB966AED8F84F0DEE4B9BEEECF2F1F3D3C1960E11B3529C5A35488953001B4F573BB2545F5FDFF78F1E5D832C95E1A2AFEADA6BAFAD6C32874BE2CD61A150882EBF2EF56286D560C0E57FAA9C5EE9F20DCE2FFF69F9CF0657AF7BA399DCCDB5EC60E326C641AAF9BD787C67FABFAFBCF2CAAA20F5AE77BD6BEFDE7F6A728435FEC01F00EDD3962CD5D69D4B956B8D3F2F353F3F5FDE5EC631F1539FFA54FC736262E2EDBB7D295E9C48590D5E32A9BA4CE574D589BA63AE7466DDA19A5CA4F477B632FE9A7570D5261E3972248E53A75E39BDEAFF5EDD6FED95D5DDEF54DD11E2C7487C8B6B79F7016893B664A9D1D1D1E53BD769471D78F4B1AD5BB766B8E88DBDF0C20BDDDDDD43434371801B1B1BAB7A77A6142F7E92B2960FD2E0F45B69E61DA79B19B3F1CDD51DADF2EB4ACB93FE2EAF5907576D62D45C9C6A10A49A8C538214C006D3962CB57BF7EEDB6FFF5C5BB3549CD5E2C496E1A2AF6A7272727C7CBCEEDE89B2CA522BBF0EF47688A91B6B565A80E6B3544B8BB44EB354E32696358E537583D4BBDEF5AEE6E3942005B0F1B4254BC5DBAAF8A97F5BB3D4E0E0E0D4D454868B9E46295EBC90B2960F52F774F944D5AF55176E30669337D7EA3829EF72A75B57C74A716AA51D72FEFDFFFB4ADDFD4ED53DC88C2005B0F1B4254B456DFEF8F999B3E7E2AD57E5ABEC1D77296A2CCDA6AC955E04AA1ABCFC6BE5CCDA0BD45E78D53FD5DE5C8385697C8BADDEE54EB7AEBEDA38B552902A7F6B6FA5DD78561D64469002D890DA95A5DAFA36DF97BEFCE578F00C973BA552B6783EC36A30E0F23F554EAF74F956C749B03C29EF66A75BB7A2DA38B56DDB27EB06A972D5C6A9C1C1C138F40B52001B5EBBB254B158ECEDED6DC75EA6E2ED53FC8C7F6E6E2EC3E54EA914357E9C613518B0FCA7B75E1CAA7F7EC3D793EADCC4AACB9FF91DAC0CDBE9D635D2204EAD7488984A9C12A400C2D1AE2C15958E237BCBADB76EF817A5A2CB59EAB86AB5729EA5A215E254E343C4C4714A9002084A1BB354ECE337DFBC6FDF7D1906A9EF1F3DBA79F3E6784395E142A757CA52CFA9562BFF592AAA17A71AEF1B3DFE1715A40082D2DE2C353F3FBF65CB96AC3E845EFEFCEF73C78F67B8C4992865A96755ABB52EB254D4CA6E3CABFE5D05298010B4374BC50A85421CA79AD919F4AA5BA68FDF7CF3FD0F3C98E1E2664596DAD8592A6A3D4E095200E1687B968A4ADBA1CD9B371F78F4B1346FEDC5812C9F412A2AADC4A5A563AAD55A47592A6AF1203382144038D6224B45A537FBE2EDD09D77DED5EA1B2567CE9EFBD297BF5C7EA330C305CD56294BFD48B55AEB2B4B454D1F6446900208CA1A65A9A8B49784384B5D7F7D5F9C8D2A1FCE6D5CDFD8BB37BEFCEDB77F2EDE3E65B894992B65A9826AB5D65D968A9A38C88C2005109AB5CB526573737377DC71474F4FCFC76FBE398E4AB55F898ACFB9F7DE7FBDE5D65BE3CB6CDBF6C906874ECB8F5296FAA16AB5D663968A1A1E6446900208D05A67A9B262B1383939393A3A5A7B5C8EF89C38484D4C4CCCCFCF67B8646DD5DDDDFDC61B8797967EA05AAA759AA5A2150E3223480184A933596A83E9EDED7DFEF96F2F2D1D552DD5FACD52D13BE39420051032592A03434343FF39B56729FABE6ABE7E58F8565F5F5FA75B974A394E3D77FCB820051032592A03BB76ED1A1BBBADE3E9647DD53F8DDF3D3A3ADAE9D6A51547A8DEDE5E410A2064B25406666767FBFA3EF846F1E052F48C6AB286873F363939D9E9D6656003244200D290A5B2B1E392ED4BD1D3AA99FAB789BF191919EA74D3B2B1AE3FF505407AB254368AC5E2C0C0476766FE258A9E528D6B6E6E7F5FDF07E7E70F74BA69D990A50002274B65A65028F4F75F5F284C46D111B552C5412A0E9DD3D35FEF74BB32234B01044E96CAD2CCCC4C1CA776EDFAE3283AAC6A6B72F2CB7D7DBDD3D3FFD8E94665499602089C2C95B162B13836363A30F091F1F1BF9C9B7B288A0EA9F9F9FF9E98F8EB9191C1E1E181F874A75B9431590A2070B2545B4C4F4F8F8EFEDEA64DBFD44557574FCF35232337C571AAD36D698B2E590A206CD96E086C54088E2C051038590A5291A50002274B412AB21440E0642948459602089C2C05A9C852008193A52015590A2070B214A4224B01044E968254642980C0C952908A2C051038590A5291A50002274B412AB21440E0642948459602089C2C05A9C852008193A52015590A2070B214A4224B01044E968254642980C0C952908A2C051038590A5291A50002274B412AB21440E0642948459602089C2C05A9C852008193A52015590A2070B214A4224B01044E968254642980C0C952908A2C051038590A5291A50002274B412AB21440E0642948459602089C2C05A9C852008193A52015590A2070B214A4224B01044E968254642980C0C952908A2C051038590A5291A50002274B412AB21440E0642948459602089C2C05A9C852008193A52015590A2070B214A4224B01044E968254642980C0C952908A2C051038590A5291A50002274B412AB21440E0642948459602089C2C05A9C852008193A52015590A2070B214A4224B01044E968254642980C0C952908A2C051038590A5291A50002274B412AB21440E0642948459602089C2C05A9C852008193A52015590A2070B214A4224B01044E968254F29FA58AC5E2C4C4C4C8C8C8C0C0406F6F6F57A8E2FB1EAF81E1E1E1F1F1F1F9F9F94EB7A5053A58A683EBDDFAEDE0AABA64294823DB8750E6A6A6A6E2F92B9EC4EFBDF7DE87F7EF7FEEF8F10B0B0B61567CDFE335B06FDFBE6DDBB6C5EB249ECD3BDD9CA6E8A00E6E985AA71D5C499C8FE3F9BFBBBBBBBFBF3F3EB169D3A6F8E72FFCC22F140A859423E77AA302ED90DB2C153FED1B1D1D1D1C1C3CF1E2890B0B17D4F23AF5CAA978368F57CEDCDC5CA71BB5221DD4C10D5CEBA2838DFDC77FFC47ED6B6F37DE78E3E4E464CA9173BA5181F6C967968A27F1F8A9D237F67EFDC2C279B552DDFFC0FD5BB66C999D9DED74BBEAD0411D0CA1F2DCC155158BC5F7BEF7BDCB83D4873FFCE14D9B36A57FFB328F1B1568AB7C66A9F8D97069127F5335AE87F73F74C30DBFD5E976D5A1833A1848E5B683CDF8B33FFBB377BFFBDD952CF5477FF447636363E987CDE34605DA2A87596A6A6A6A70F0A685C5A26AA63EFF853FDDB9F38B9D6EDA3BE8A00E065539EC60F3AEBBEEBA7290BAF5D65B7B7B7B8BC562FA3173B7518176CB5B968A1FC9F1E3F9C593B30B8B6FA866EAECB99F6FDEFCE1F41F17CD8A0EEA606895B70EB6E4BBDFFDEE55575D156F08868686D27F52AA2C5F1B15580379CB52E3E3E3A3A3A30B8BAF57EAC6A1DF6DF21BCBCBAF1554EDDCF95799BC329F091DD4C1002B571D6CD5C73EF6B17296CA6AC07C6D54600DE42D4B0D0F0FEFBBEFDFDF9EC46F1AFC6914BD70317A7621FAC1F9E8A9F3D1C1B38BBBEF7BE4DB275F7BFC42F4BFC5E8F16274E0F5E8A137A3BF3FF0CCA7B77FA6E3536A47EAC94333FDFDFD9D6EDD653AA8830156AE3AD8AAB9B9B9784390E1EB6AF9DAA8C01AC85B96EAEBEB3B7AF4F0C2E2B972C58B77368ACE2D45AF2D46AF5E885E8FA23FF9F3BBBAAE78DFD69B864F2E4427CE4727DE8C668BD1738BD137BFF754E969F1B900EBECB9D3DDDDDD9D6EDD653AA8830156AE3A9840B61B827C6D54600DE42D4BF5F4F4BC72FAE4C2E2D972C58BF7FAC5E8FCC54B7F5A5CBAF4F35B0FFED7AFFEDAAFFFC5DD5F5A8CA2338BD16B0BD1AB0BD17C143DF4C4D3A579FC6C98959F3EEAA00E8659F9E960338AC5E2E4E4E48E1D3B86878707DE323434149F333E3E9E72A759EB69454026E2E752997C71232BA5B9F84CA5E25FCF2D46A7DF882E5CBC7C81F9F9F9BFFBCAD7BEF8B75F39F1D2A547FBC25274A134BF3FF6E45355D70DAAF2338FEBA00E8659F9E9606371848AF3D3AA1F7DEBEFEFDFB3674FB2ADC3FA581190A1DEDEDE5CED68AE3417FF5FA52ECDE317A353AF473F3B1B2D44D185F3E7FBAEBFBEABEBCAAEAEEE4FFCC1B6E5573C78E870D57583AAFCCCE33AA88361567E3AB892E9E9E9AD5BB736F93582B2780391E0CB7D795F1190B9F8C9C79123473ABD146F2BCDC5AF55AAFCFE42FC9CF8A533D1CB6F46078FFEF8BAEBAEBBF2DDEFB9FADAF78FFCE13BE6F1279E3C5475DDA02A3FF3B80EEA6098959F0ED62A168BA3A3A3B5AF3C7DFEF35FD8B7EFBE87F73F52A93BEFBC6B7070B0EA92C3C3C32DED0C3DBF2B02DA646060207EB2D2E9A5785B692E9EAF54FCEB1B4BD1ABC54BCF894FBD19ED7FA2F01B9B3FF2FE5FFE956B7B7EF16BFFFCCD37A3E8ECF9E8F5F397AE7860E689AAEB0655F999C7755007C3ACFC74B0CADCDC5CD5CB51B7DFFEB9D231AA1757AA53AF9CFEEA3DF7948F765C7981AAF967DD395D11D03EF193955C1DED3C7ED02E2EFEBC52E5E9299ECA5F5B887E7E217E66BCF0D833B39B7FF3A337FEF6EFBC7C3EFA59317AB9189D3E1FC533F981C79FA8BA6E50959F795C077530CCCA4F07979B9D9D8D635025120D0D0D354E515589EACE3BEFAA5CB7BBBB7B6666A6991BCDE38A80B62AEF97AFD34BF1B6AAB978E0C61B9EFEE1B3079F29CC1C293C7AA8F0E8E1638F3D7DFC3B8FFFE07BCF3CFFDD43C7FEE7D08F1E3DFCA399A78E3DF3EC4FEEF987BDB7DC7A4BC7E753F3B80EEA6098959F0E56148BC5E5AF48DDBD736793296A79DD7BEFBFC629AAF2EA54335FF1CBDD8A80762B140A7D7D7D9D5E8AB795E6F15797D7673FFB999A0F44D6F1FB9FF844D51583AAFCCCE33AA88361567E3A5831323252E9CEBE7DF7250852E53AF8E4A19E9E9EF238030303ABDE6EEE5604AC815C7DFCBC348F9F56AD567EE6711DD4C1302B3F1D2C9B9C9CAC04A964AF482DAFFB1F78B032DAEEDDBB1BDF74BE5604AC8DF88171C71D77747A292EBB348F5F7C45B55AF999C7755007C3ACFC74B02C7E925C8E3E434343298354B92A9F9DDAB46953E3FD4EE56B45C0DA281F163EE58E6EB3529AC74FA9562B3FF3B80EEA6098959F0EC6262626CAB9A7BBBBFBC48B2733C95267CE9EAB7CB3AFF1D3EF1CAD08584BD3D3D3CDBC0BBE064AF3F8CBAAD5CACF3CAE833A1866E5A78351696737E5D073FBED9FCB244895EB1B7BF79687EDE9E96970EB395A11B0C676ECD8B166EFF4C5CF9956DAD97A691EFF996AB5F2338FEBA00E8659F9E9E0FCFC7CE5B34D59BD2855A90F7CA0B73C72831D13E6654540478C8D8D0D0D0DB5B47FDB048E1D3B567E285E73CD35FBF6EDABFA6B691E9F53ADD61ACFE3ABA5E1CEAF9075573AB8DE2B3F1D1C1F1FAF7CE72EDB2015D7A73F7DF94B9DF1F662A56593A508DDD4D4546F6FEF8E1D3BDAF7F1A962B178C51557941F8D575D75D5873EF4A1E53382793CFFF3B834AC832ACF1DDCBE7D7B565FDFABAD87F73F521E7CEBD6AD2B2D9E2C05975E1F8EB3549CA8868686E213ED38C2CCF24313C4AEBEFAEADB6EBBADFCC590D23CFED3365565F0DA13B5BFAEBA244D2E6A5BEFD1F25BC9BC4D2B69220DE7B4835DEFB4D239C9FE1F74B0F1BDCB70CD37687AE3FF96403A184FDDE53FDDFFC0839967A9E78E1F2F0F1E6F23565A3C590A2E8B1FAB5353537196AA7C8671CD5CBCF8523B6AF9C8B5B7553E5D7B4EE3411A0FBEC6F76E2DFF3D1AA7E1FC77B071731B0FAB8369DA97C99AAF7A40ADF4F8AA3B6C081DACEC0DE1E0938732CF5271556E74A56593A5602D5C7BEDB59547E370499CD80A854274791E3F996D2D9B67DF71BAF2D7AA9FCB2F5675F9DA2B367FBAADD555FA6C44ED6277446E3BD87839BB6ABABC06772DB40ED61DBFAB9535DF55D3E88B2B3CE8BAEA35BD1DF72E6F1DACC4ACE60FBDD75255C65F698697A5A0ED2ADF31E9EBEBFBD4A73E15FF9C9898A8FCB5EBD24CF7623B6AF9C85553CF4AE754FDAC1DA499C16B476ED3BD5BCB26AE968673DAC1BA3DAD3B7E33E7EB60ABBD4BBFE6AB1E89751F83CD5C666377309E54CBE77FFFE8D17664A9CAE1F9565A36590ADAEE85175E881F8A434343BDBDBD636363555F1B2C4D7627D6BECAB7BBFCD6979F5339BF61487AC715EB8ED9D6E55FB30E36918673DAC1BA3FAB9A58D54D1DCCBC3B59ADF9951E5FB58FD6B569657E3A587979ECE1FD8F641EA44EBD72BA3C78835D4CC952B016262727C7C7C7EB7EA1B734D9FDA41DB54200AABE4CD5E9E53F1B5CB8EEF90DAEDB8E7BB766ED6B220DE7B48395AB2C3FB15207EBDE5C5BEFDD06EE60E66BBEAAD1B57DAF3DD1EE47627E3A383A3A5A5E275FBDE79ECCB3D4F78F1E2D0FDEDFDFBFD2E2C952D0616DDD5635734EDD08557B62D5D36BB9195EE3793CEA5C1A4ED9C1BA6D5AF586DADDBB103A98D59A6F10B36A5BBF81B354E30EEEDAB5AB7CF7B76DFB64E659EAEE9D3BCB838F8C8CACB46CB214745869BE7BA11D5519B9F644F9F45B936FA34B565D65D5D3B5BFB6EFDE75BA7597E5B983351BE0FADDA9DBCD76F771637730DB355F3B42ED7F42830B6CF80E160A85F24AE8E9E93973F65CB659EA861B6E280F1E27B99516202F2B02827569CA5B9A6D475546AE3D517B99954EAF7A81F2E906DA77EF3ADDBACBF2DCC166CE69307EFBEEDA86EF60E66BBE6A90BACB5CF5D7B6B62F571D8CF5F6F696279C7DFBEECB304855762E156B70848C1CAD08085369BE7BBE4DF5569A79FB44ED05AA4E3438BFEEE9DA61DB7A8F96DF4AA75B77599E3B58936BEB34B1F1F83A98A67119AEF9AAABAC7A99BAFF151BB58351E98060E535B979F3E60C5F9AFAF8CD3797871D1E1E6E70EB395A1110A6D264F7E36C6BD90C5EE7FCAA732A3FEB5EB16B65CB47A81DB3DD959F793CCF1DAC6A656D4F6B2FB352A375B0D57B97C99A6FF000ACFBCFB0968FC7FC74302A7DD1AFB217A8AC8E2473E0D1C72AEBF9C891230D6E3D472B02C2549AE98EAB562B3FF3B80EEA6098959F0E96EDDEBDBB9C7BBABBBBD3EF1CE1B9E3C72BE16CFBF6ED8D6F3A5F2B0202549AC79F53AD567EE6711DD4C1302B3F1DACD8BA756B39FDC43128CD3ED0CF9C3DB779F3E6CA50AB1EF93E772B0242539AC79F55AD567EE6711DD4C1302B3F1DAC989D9DEDE9E9A964A06487E73BF1E2C94A90EAEEEE6EE668F7B95B11101AF3F87A9FC7755007C3ACFC7470B938FA543EE41427A156F7DE79E0D1C7961F4479F7EEDDCDDC681E570404257EB82E2D1D53AD567EE6711DD4C1302B3F1DAC323939597975AAABF4CDBEFB1F78B09997A36EB9F5D6E59FEB6F324845B214745C691EFF916AB5F2338FEBA00E8659F9E960AD42A15039E0712551DD79E75DB5073F8E23D457EFB967707070F985E328D6CC5B7B15F95D111088D23C5E50AD567EE6711DD4C1302B3F1DAC6B7E7E7EC78E1DDDDDDD5DF56CD9B265A53F8D8C8CACFA61F32AB95E111082D23CFE43D56AE5671ED7411D0CB3F2D3C106E2545439F2F1AA06060666666612DCCA3A5811B0B1C5CF8DDE78E3F0D2D20F544B959F795C077530CCCA4F0757552C16272626E250D5DFDF5F959F7A7B7B878787F7ECD9D3EA6B51CBAD9B15011B55FC487EFEF96F2F2D1D552D557EE6711DD4C1302B3F1DEC382B023A6C6868E83FA7F62C45DF57CDD70F0BDFEAEBEBEB74EB2ED3411D0CB072D5C18E93A5A0C376EDDA3536765BC767C6F555FF347EF7E8E868A75B77990EEA608095AB0E769C2C051D363B3BDBD7F7C1378A0797A2675493353CFCB1C9C9C94EB7EE321DD4C1002B571DEC38590A3A6FC725DB97A2A75533F56F137F333232D4E9A6BD830EEA605095C30E76962C059D572C1607063E3A33F32F51F4946A5C7373FBFBFA3E383F7FA0D34D7B071DD4C1702A9F1DEC2C590A72A15028F4F75F5F284C46D111B552C59378BCC19B9EFE7AA7DB55870EEA600895E70E76902C0579313333134FE5BB76FD71141D56B53539F9E5BEBEDEE9E97FEC74A356A4833AB8B12BFF1DEC14590A72A4582C8E8D8D0E0C7C647CFC2FE7E61E8AA2436A7EFEBF2726FE7A6464707878203EDDE916AD42077570E3D5FAEA6047C852903BD3D3D3A3A3BFB769D32F3579DC838DADA7E79A91919BE2A9BCD36D69810E2EA783EBDD7AECE01A93A500009293A500009293A500009293A500009293A500009293A500009293A500009293A500009293A500009293A500009293A500009293A500009293A500009293A500009293A500009293A500009293A500009293A500009293A500009293A500009293A500009293A500009293A500009293A500009293A500009293A500009293A500009293A500009293A500009293A500009293A500009293A500009293A500009293A500009293A500009293A500009293A500009293A500009293A500009293A500009293A500009293A500009293A500009293A500009293A500009293A500009293A500009293A500009293A500009293A500009293A500009293A500009293A500009293A500009293A500009293A5000092FBFFCFD702EBCAB1094B0000000049454E44AE426082, '0');
INSERT INTO `act_ge_bytearray` VALUES ('703', '1', 'transferProcess.bpmn', '701', 0x3C3F786D6C2076657273696F6E3D22312E302220656E636F64696E673D225554462D38223F3E0A3C646566696E6974696F6E7320786D6C6E733D22687474703A2F2F7777772E6F6D672E6F72672F737065632F42504D4E2F32303130303532342F4D4F44454C2220786D6C6E733A7873693D22687474703A2F2F7777772E77332E6F72672F323030312F584D4C536368656D612D696E7374616E63652220786D6C6E733A61637469766974693D22687474703A2F2F61637469766974692E6F72672F62706D6E2220786D6C6E733A62706D6E64693D22687474703A2F2F7777772E6F6D672E6F72672F737065632F42504D4E2F32303130303532342F44492220786D6C6E733A6F6D6764633D22687474703A2F2F7777772E6F6D672E6F72672F737065632F44442F32303130303532342F44432220786D6C6E733A6F6D6764693D22687474703A2F2F7777772E6F6D672E6F72672F737065632F44442F32303130303532342F44492220747970654C616E67756167653D22687474703A2F2F7777772E77332E6F72672F323030312F584D4C536368656D61222065787072657373696F6E4C616E67756167653D22687474703A2F2F7777772E77332E6F72672F313939392F585061746822207461726765744E616D6573706163653D22687474703A2F2F7777772E61637469766974692E6F72672F74657374223E0A20203C70726F636573732069643D227472616E7366657222206E616D653D22E789A9E6B581E9858DE98081E6B581E7A88B2220697345786563757461626C653D2274727565223E0A202020203C73746172744576656E742069643D2273746172746576656E743122206E616D653D225374617274223E3C2F73746172744576656E743E0A202020203C757365725461736B2069643D22636865636B576F726B4F726465724D616E61676522206E616D653D22E5AEA1E6A0B8E5B7A5E4BD9CE58D95222061637469766974693A63616E64696461746547726F7570733D22E4B89AE58AA1E59198223E3C2F757365725461736B3E0A202020203C73657175656E6365466C6F772069643D22666C6F77312220736F757263655265663D2273746172746576656E743122207461726765745265663D22636865636B576F726B4F726465724D616E616765223E3C2F73657175656E6365466C6F773E0A202020203C6578636C7573697665476174657761792069643D22636865636B5965734F724E6F22206E616D653D224578636C75736976652047617465776179223E3C2F6578636C7573697665476174657761793E0A202020203C73657175656E6365466C6F772069643D22666C6F77322220736F757263655265663D22636865636B576F726B4F726465724D616E61676522207461726765745265663D22636865636B5965734F724E6F223E3C2F73657175656E6365466C6F773E0A202020203C757365725461736B2069643D226F757453746F726522206E616D653D22E8B4A7E789A9E587BAE5BA93222061637469766974693A63616E64696461746547726F7570733D22E4BB93E5BA93E7AEA1E79086E59198223E3C2F757365725461736B3E0A202020203C73657175656E6365466C6F772069643D22666C6F77332220736F757263655265663D22636865636B5965734F724E6F22207461726765745265663D226F757453746F7265223E3C2F73657175656E6365466C6F773E0A202020203C757365725461736B2069643D227472616E73666572476F6F647322206E616D653D22E8B4A7E789A9E9858DE98081222061637469766974693A63616E64696461746547726F7570733D22E58F96E6B4BEE59198223E3C2F757365725461736B3E0A202020203C73657175656E6365466C6F772069643D22666C6F77342220736F757263655265663D226F757453746F726522207461726765745265663D227472616E73666572476F6F6473223E3C2F73657175656E6365466C6F773E0A202020203C757365725461736B2069643D227265636569766522206E616D653D22E9858DE98081E7ADBEE694B6222061637469766974693A63616E64696461746547726F7570733D22E58F96E6B4BEE59198223E3C2F757365725461736B3E0A202020203C73657175656E6365466C6F772069643D22666C6F77352220736F757263655265663D227472616E73666572476F6F647322207461726765745265663D2272656365697665223E3C2F73657175656E6365466C6F773E0A202020203C656E644576656E742069643D22656E646576656E743122206E616D653D22456E64223E3C2F656E644576656E743E0A202020203C73657175656E6365466C6F772069643D22666C6F77362220736F757263655265663D227265636569766522207461726765745265663D22656E646576656E7431223E3C2F73657175656E6365466C6F773E0A202020203C73657175656E6365466C6F772069643D22666C6F77372220736F757263655265663D22636865636B5965734F724E6F22207461726765745265663D22656E646576656E7431223E0A2020202020203C636F6E646974696F6E45787072657373696F6E207873693A747970653D2274466F726D616C45787072657373696F6E223E3C215B43444154415B247B636865636B203D3D20307D5D5D3E3C2F636F6E646974696F6E45787072657373696F6E3E0A202020203C2F73657175656E6365466C6F773E0A20203C2F70726F636573733E0A20203C62706D6E64693A42504D4E4469616772616D2069643D2242504D4E4469616772616D5F7472616E73666572223E0A202020203C62706D6E64693A42504D4E506C616E652062706D6E456C656D656E743D227472616E73666572222069643D2242504D4E506C616E655F7472616E73666572223E0A2020202020203C62706D6E64693A42504D4E53686170652062706D6E456C656D656E743D2273746172746576656E7431222069643D2242504D4E53686170655F73746172746576656E7431223E0A20202020202020203C6F6D6764633A426F756E6473206865696768743D2233352E30222077696474683D2233352E302220783D22322E302220793D223135322E30223E3C2F6F6D6764633A426F756E64733E0A2020202020203C2F62706D6E64693A42504D4E53686170653E0A2020202020203C62706D6E64693A42504D4E53686170652062706D6E456C656D656E743D22636865636B576F726B4F726465724D616E616765222069643D2242504D4E53686170655F636865636B576F726B4F726465724D616E616765223E0A20202020202020203C6F6D6764633A426F756E6473206865696768743D2235352E30222077696474683D223130352E302220783D2238322E302220793D223134322E30223E3C2F6F6D6764633A426F756E64733E0A2020202020203C2F62706D6E64693A42504D4E53686170653E0A2020202020203C62706D6E64693A42504D4E53686170652062706D6E456C656D656E743D22636865636B5965734F724E6F222069643D2242504D4E53686170655F636865636B5965734F724E6F223E0A20202020202020203C6F6D6764633A426F756E6473206865696768743D2234302E30222077696474683D2234302E302220783D223233322E302220793D223135302E30223E3C2F6F6D6764633A426F756E64733E0A2020202020203C2F62706D6E64693A42504D4E53686170653E0A2020202020203C62706D6E64693A42504D4E53686170652062706D6E456C656D656E743D226F757453746F7265222069643D2242504D4E53686170655F6F757453746F7265223E0A20202020202020203C6F6D6764633A426F756E6473206865696768743D2235352E30222077696474683D223130352E302220783D223330302E302220793D223235322E30223E3C2F6F6D6764633A426F756E64733E0A2020202020203C2F62706D6E64693A42504D4E53686170653E0A2020202020203C62706D6E64693A42504D4E53686170652062706D6E456C656D656E743D227472616E73666572476F6F6473222069643D2242504D4E53686170655F7472616E73666572476F6F6473223E0A20202020202020203C6F6D6764633A426F756E6473206865696768743D2235352E30222077696474683D223130352E302220783D223435302E302220793D223235322E30223E3C2F6F6D6764633A426F756E64733E0A2020202020203C2F62706D6E64693A42504D4E53686170653E0A2020202020203C62706D6E64693A42504D4E53686170652062706D6E456C656D656E743D2272656365697665222069643D2242504D4E53686170655F72656365697665223E0A20202020202020203C6F6D6764633A426F756E6473206865696768743D2235352E30222077696474683D223130352E302220783D223630302E302220793D223235322E30223E3C2F6F6D6764633A426F756E64733E0A2020202020203C2F62706D6E64693A42504D4E53686170653E0A2020202020203C62706D6E64693A42504D4E53686170652062706D6E456C656D656E743D22656E646576656E7431222069643D2242504D4E53686170655F656E646576656E7431223E0A20202020202020203C6F6D6764633A426F756E6473206865696768743D2233352E30222077696474683D2233352E302220783D223735302E302220793D223236322E30223E3C2F6F6D6764633A426F756E64733E0A2020202020203C2F62706D6E64693A42504D4E53686170653E0A2020202020203C62706D6E64693A42504D4E456467652062706D6E456C656D656E743D22666C6F7731222069643D2242504D4E456467655F666C6F7731223E0A20202020202020203C6F6D6764693A776179706F696E7420783D2233372E302220793D223136392E30223E3C2F6F6D6764693A776179706F696E743E0A20202020202020203C6F6D6764693A776179706F696E7420783D2238322E302220793D223136392E30223E3C2F6F6D6764693A776179706F696E743E0A2020202020203C2F62706D6E64693A42504D4E456467653E0A2020202020203C62706D6E64693A42504D4E456467652062706D6E456C656D656E743D22666C6F7732222069643D2242504D4E456467655F666C6F7732223E0A20202020202020203C6F6D6764693A776179706F696E7420783D223138372E302220793D223136392E30223E3C2F6F6D6764693A776179706F696E743E0A20202020202020203C6F6D6764693A776179706F696E7420783D223233322E302220793D223137302E30223E3C2F6F6D6764693A776179706F696E743E0A2020202020203C2F62706D6E64693A42504D4E456467653E0A2020202020203C62706D6E64693A42504D4E456467652062706D6E456C656D656E743D22666C6F7733222069643D2242504D4E456467655F666C6F7733223E0A20202020202020203C6F6D6764693A776179706F696E7420783D223235322E302220793D223139302E30223E3C2F6F6D6764693A776179706F696E743E0A20202020202020203C6F6D6764693A776179706F696E7420783D223235322E302220793D223237382E30223E3C2F6F6D6764693A776179706F696E743E0A20202020202020203C6F6D6764693A776179706F696E7420783D223330302E302220793D223237392E30223E3C2F6F6D6764693A776179706F696E743E0A2020202020203C2F62706D6E64693A42504D4E456467653E0A2020202020203C62706D6E64693A42504D4E456467652062706D6E456C656D656E743D22666C6F7734222069643D2242504D4E456467655F666C6F7734223E0A20202020202020203C6F6D6764693A776179706F696E7420783D223430352E302220793D223237392E30223E3C2F6F6D6764693A776179706F696E743E0A20202020202020203C6F6D6764693A776179706F696E7420783D223435302E302220793D223237392E30223E3C2F6F6D6764693A776179706F696E743E0A2020202020203C2F62706D6E64693A42504D4E456467653E0A2020202020203C62706D6E64693A42504D4E456467652062706D6E456C656D656E743D22666C6F7735222069643D2242504D4E456467655F666C6F7735223E0A20202020202020203C6F6D6764693A776179706F696E7420783D223535352E302220793D223237392E30223E3C2F6F6D6764693A776179706F696E743E0A20202020202020203C6F6D6764693A776179706F696E7420783D223630302E302220793D223237392E30223E3C2F6F6D6764693A776179706F696E743E0A2020202020203C2F62706D6E64693A42504D4E456467653E0A2020202020203C62706D6E64693A42504D4E456467652062706D6E456C656D656E743D22666C6F7736222069643D2242504D4E456467655F666C6F7736223E0A20202020202020203C6F6D6764693A776179706F696E7420783D223730352E302220793D223237392E30223E3C2F6F6D6764693A776179706F696E743E0A20202020202020203C6F6D6764693A776179706F696E7420783D223735302E302220793D223237392E30223E3C2F6F6D6764693A776179706F696E743E0A2020202020203C2F62706D6E64693A42504D4E456467653E0A2020202020203C62706D6E64693A42504D4E456467652062706D6E456C656D656E743D22666C6F7737222069643D2242504D4E456467655F666C6F7737223E0A20202020202020203C6F6D6764693A776179706F696E7420783D223235322E302220793D223135302E30223E3C2F6F6D6764693A776179706F696E743E0A20202020202020203C6F6D6764693A776179706F696E7420783D223235322E302220793D2239352E30223E3C2F6F6D6764693A776179706F696E743E0A20202020202020203C6F6D6764693A776179706F696E7420783D223736372E302220793D2239352E30223E3C2F6F6D6764693A776179706F696E743E0A20202020202020203C6F6D6764693A776179706F696E7420783D223736372E302220793D223236322E30223E3C2F6F6D6764693A776179706F696E743E0A2020202020203C2F62706D6E64693A42504D4E456467653E0A202020203C2F62706D6E64693A42504D4E506C616E653E0A20203C2F62706D6E64693A42504D4E4469616772616D3E0A3C2F646566696E6974696F6E733E, '0');
INSERT INTO `act_ge_bytearray` VALUES ('803', '1', 'var-业务数据', null, 0xACED00057372001E636E2E7A68616F2E626F732E766F2E576F726B6F726465726D616E6167659932AA938FE4CC4E0200144C00086163746C776569747400124C6A6176612F6C616E672F446F75626C653B4C000A617272697665636974797400124C6A6176612F6C616E672F537472696E673B4C000A6665656974656D6E756D7400134C6A6176612F6C616E672F496E74656765723B4C0009666C6F61647265717271007E00024C0002696471007E00024C000C6D616E61676572436865636B71007E00024C00036E756D71007E00034C000D70726F6474696D656C696D697471007E00024C000870726F647479706571007E00024C000770726F6475637471007E00024C000C72656365697665726164647271007E00024C000C72656365697665726E616D6571007E00024C000D726563656976657270686F6E6571007E00024C000A73656E6465726164647271007E00024C000A73656E6465726E616D6571007E00024C000B73656E64657270686F6E6571007E00024C0005737461727471007E00024C000A75706461746574696D657400104C6A6176612F7574696C2F446174653B4C0003766F6C71007E00024C000677656967687471007E00017870737200106A6176612E6C616E672E446F75626C6580B3C24A296BFB0402000144000576616C7565787200106A6176612E6C616E672E4E756D62657286AC951D0B94E08B02000078703FF0000000000000740006E88B8FE5B79E737200116A6176612E6C616E672E496E746567657212E2A0A4F781873802000149000576616C75657871007E0007000000017400013274000530303030317400013071007E000B74000437E5A4A974000CE794B5E5AD90E4BAA7E59381740006E9BCA0E6A08774000CE88B8FE5B79EE696B0E58CBA740006E69D8EE59B9B74000B3138363132333435363738740012E88B8FE5B79EE5B7A5E4B89AE59BADE58CBA740006E5BCA0E4B88974000B313836313233343536373874000131737200126A6176612E73716C2E54696D657374616D702618D5C80153BF650200014900056E616E6F737872000E6A6176612E7574696C2E44617465686A81014B597419030000787077080000015C73D5A4007800000000740001327371007E00063FF0000000000000, null);
INSERT INTO `act_ge_bytearray` VALUES ('805', '1', 'hist.var-业务数据', null, 0xACED00057372001E636E2E7A68616F2E626F732E766F2E576F726B6F726465726D616E6167659932AA938FE4CC4E0200144C00086163746C776569747400124C6A6176612F6C616E672F446F75626C653B4C000A617272697665636974797400124C6A6176612F6C616E672F537472696E673B4C000A6665656974656D6E756D7400134C6A6176612F6C616E672F496E74656765723B4C0009666C6F61647265717271007E00024C0002696471007E00024C000C6D616E61676572436865636B71007E00024C00036E756D71007E00034C000D70726F6474696D656C696D697471007E00024C000870726F647479706571007E00024C000770726F6475637471007E00024C000C72656365697665726164647271007E00024C000C72656365697665726E616D6571007E00024C000D726563656976657270686F6E6571007E00024C000A73656E6465726164647271007E00024C000A73656E6465726E616D6571007E00024C000B73656E64657270686F6E6571007E00024C0005737461727471007E00024C000A75706461746574696D657400104C6A6176612F7574696C2F446174653B4C0003766F6C71007E00024C000677656967687471007E00017870737200106A6176612E6C616E672E446F75626C6580B3C24A296BFB0402000144000576616C7565787200106A6176612E6C616E672E4E756D62657286AC951D0B94E08B02000078703FF0000000000000740006E88B8FE5B79E737200116A6176612E6C616E672E496E746567657212E2A0A4F781873802000149000576616C75657871007E0007000000017400013274000530303030317400013071007E000B74000437E5A4A974000CE794B5E5AD90E4BAA7E59381740006E9BCA0E6A08774000CE88B8FE5B79EE696B0E58CBA740006E69D8EE59B9B74000B3138363132333435363738740012E88B8FE5B79EE5B7A5E4B89AE59BADE58CBA740006E5BCA0E4B88974000B313836313233343536373874000131737200126A6176612E73716C2E54696D657374616D702618D5C80153BF650200014900056E616E6F737872000E6A6176612E7574696C2E44617465686A81014B597419030000787077080000015C73D5A4007800000000740001327371007E00063FF0000000000000, null);

-- ----------------------------
-- Table structure for act_ge_property
-- ----------------------------
DROP TABLE IF EXISTS `act_ge_property`;
CREATE TABLE `act_ge_property` (
  `NAME_` varchar(64) COLLATE utf8_bin NOT NULL DEFAULT '',
  `VALUE_` varchar(300) COLLATE utf8_bin DEFAULT NULL,
  `REV_` int(11) DEFAULT NULL,
  PRIMARY KEY (`NAME_`)
) ENGINE=InnoDB DEFAULT CHARSET=utf8 COLLATE=utf8_bin;

-- ----------------------------
-- Records of act_ge_property
-- ----------------------------
INSERT INTO `act_ge_property` VALUES ('next.dbid', '2301', '24');
INSERT INTO `act_ge_property` VALUES ('schema.history', 'create(5.13)', '1');
INSERT INTO `act_ge_property` VALUES ('schema.version', '5.13', '1');

-- ----------------------------
-- Table structure for act_hi_actinst
-- ----------------------------
DROP TABLE IF EXISTS `act_hi_actinst`;
CREATE TABLE `act_hi_actinst` (
  `ID_` varchar(64) COLLATE utf8_bin NOT NULL,
  `PROC_DEF_ID_` varchar(64) COLLATE utf8_bin NOT NULL,
  `PROC_INST_ID_` varchar(64) COLLATE utf8_bin NOT NULL,
  `EXECUTION_ID_` varchar(64) COLLATE utf8_bin NOT NULL,
  `ACT_ID_` varchar(255) COLLATE utf8_bin NOT NULL,
  `TASK_ID_` varchar(64) COLLATE utf8_bin DEFAULT NULL,
  `CALL_PROC_INST_ID_` varchar(64) COLLATE utf8_bin DEFAULT NULL,
  `ACT_NAME_` varchar(255) COLLATE utf8_bin DEFAULT NULL,
  `ACT_TYPE_` varchar(255) COLLATE utf8_bin NOT NULL,
  `ASSIGNEE_` varchar(64) COLLATE utf8_bin DEFAULT NULL,
  `START_TIME_` datetime NOT NULL,
  `END_TIME_` datetime DEFAULT NULL,
  `DURATION_` bigint(20) DEFAULT NULL,
  PRIMARY KEY (`ID_`),
  KEY `ACT_IDX_HI_ACT_INST_START` (`START_TIME_`),
  KEY `ACT_IDX_HI_ACT_INST_END` (`END_TIME_`),
  KEY `ACT_IDX_HI_ACT_INST_PROCINST` (`PROC_INST_ID_`,`ACT_ID_`),
  KEY `ACT_IDX_HI_ACT_INST_EXEC` (`EXECUTION_ID_`,`ACT_ID_`)
) ENGINE=InnoDB DEFAULT CHARSET=utf8 COLLATE=utf8_bin;

-- ----------------------------
-- Records of act_hi_actinst
-- ----------------------------
INSERT INTO `act_hi_actinst` VALUES ('1502', 'transfer:2:704', '1501', '1501', 'startevent1', null, null, 'Start', 'startEvent', null, '2017-06-16 20:21:03', '2017-06-16 20:21:03', '40');
INSERT INTO `act_hi_actinst` VALUES ('1506', 'transfer:2:704', '1501', '1501', 'checkWorkOrderManage', '1507', null, '审核工作单', 'userTask', '4028865d5c8677c3015c86d011fe0003', '2017-06-16 20:21:03', null, null);
INSERT INTO `act_hi_actinst` VALUES ('1510', 'transfer:2:704', '1509', '1509', 'startevent1', null, null, 'Start', 'startEvent', null, '2017-06-16 20:21:14', '2017-06-16 20:21:14', '1');
INSERT INTO `act_hi_actinst` VALUES ('1514', 'transfer:2:704', '1509', '1509', 'checkWorkOrderManage', '1515', null, '审核工作单', 'userTask', '4028865d5c8677c3015c86d011fe0003', '2017-06-16 20:21:14', null, null);
INSERT INTO `act_hi_actinst` VALUES ('1518', 'transfer:2:704', '1517', '1517', 'startevent1', null, null, 'Start', 'startEvent', null, '2017-06-16 20:31:27', '2017-06-16 20:31:27', '0');
INSERT INTO `act_hi_actinst` VALUES ('1522', 'transfer:2:704', '1517', '1517', 'checkWorkOrderManage', '1523', null, '审核工作单', 'userTask', '4028865d5c8677c3015c86d011fe0003', '2017-06-16 20:31:27', null, null);
INSERT INTO `act_hi_actinst` VALUES ('1528', 'transfer:2:704', '1527', '1527', 'startevent1', null, null, 'Start', 'startEvent', null, '2017-06-16 20:39:26', '2017-06-16 20:39:26', '1');
INSERT INTO `act_hi_actinst` VALUES ('1532', 'transfer:2:704', '1527', '1527', 'checkWorkOrderManage', '1533', null, '审核工作单', 'userTask', '4028865d5c8677c3015c86d011fe0003', '2017-06-16 20:39:26', null, null);
INSERT INTO `act_hi_actinst` VALUES ('1536', 'transfer:2:704', '1535', '1535', 'startevent1', null, null, 'Start', 'startEvent', null, '2017-06-16 20:39:29', '2017-06-16 20:39:29', '1');
INSERT INTO `act_hi_actinst` VALUES ('1540', 'transfer:2:704', '1535', '1535', 'checkWorkOrderManage', '1541', null, '审核工作单', 'userTask', '4028865d5c8677c3015c86d011fe0003', '2017-06-16 20:39:29', null, null);
INSERT INTO `act_hi_actinst` VALUES ('1544', 'transfer:2:704', '1543', '1543', 'startevent1', null, null, 'Start', 'startEvent', null, '2017-06-16 20:39:33', '2017-06-16 20:39:33', '0');
INSERT INTO `act_hi_actinst` VALUES ('1548', 'transfer:2:704', '1543', '1543', 'checkWorkOrderManage', '1549', null, '审核工作单', 'userTask', '4028865d5c8677c3015c86cf76f70002', '2017-06-16 20:39:33', '2017-06-17 13:38:31', '61138900');
INSERT INTO `act_hi_actinst` VALUES ('1552', 'transfer:2:704', '1551', '1551', 'startevent1', null, null, 'Start', 'startEvent', null, '2017-06-16 20:39:36', '2017-06-16 20:39:36', '1');
INSERT INTO `act_hi_actinst` VALUES ('1556', 'transfer:2:704', '1551', '1551', 'checkWorkOrderManage', '1557', null, '审核工作单', 'userTask', '4028865d5c8677c3015c86cf76f70002', '2017-06-16 20:39:36', '2017-06-17 13:39:50', '61214591');
INSERT INTO `act_hi_actinst` VALUES ('1560', 'transfer:2:704', '1559', '1559', 'startevent1', null, null, 'Start', 'startEvent', null, '2017-06-16 20:39:38', '2017-06-16 20:39:38', '0');
INSERT INTO `act_hi_actinst` VALUES ('1564', 'transfer:2:704', '1559', '1559', 'checkWorkOrderManage', '1565', null, '审核工作单', 'userTask', '4028865d5c8677c3015c86cf76f70002', '2017-06-16 20:39:38', '2017-06-17 13:41:06', '61288583');
INSERT INTO `act_hi_actinst` VALUES ('1568', 'transfer:2:704', '1567', '1567', 'startevent1', null, null, 'Start', 'startEvent', null, '2017-06-16 20:39:40', '2017-06-16 20:39:40', '0');
INSERT INTO `act_hi_actinst` VALUES ('1572', 'transfer:2:704', '1567', '1567', 'checkWorkOrderManage', '1573', null, '审核工作单', 'userTask', '4028865d5c8677c3015c86d011fe0003', '2017-06-16 20:39:40', null, null);
INSERT INTO `act_hi_actinst` VALUES ('1702', 'transfer:2:704', '1543', '1543', 'checkYesOrNo', null, null, 'Exclusive Gateway', 'exclusiveGateway', null, '2017-06-17 13:38:31', '2017-06-17 13:38:31', '1');
INSERT INTO `act_hi_actinst` VALUES ('1703', 'transfer:2:704', '1543', '1543', 'outStore', '1704', null, '货物出库', 'userTask', '4028865d5c8677c3015c86cf76f70002', '2017-06-17 13:38:31', '2017-06-17 13:42:48', '257714');
INSERT INTO `act_hi_actinst` VALUES ('1712', 'transfer:2:704', '1551', '1551', 'checkYesOrNo', null, null, 'Exclusive Gateway', 'exclusiveGateway', null, '2017-06-17 13:39:50', '2017-06-17 13:39:50', '0');
INSERT INTO `act_hi_actinst` VALUES ('1713', 'transfer:2:704', '1551', '1551', 'outStore', '1714', null, '货物出库', 'userTask', '4028865d5c8677c3015c86cf76f70002', '2017-06-17 13:39:50', '2017-06-17 13:43:04', '194944');
INSERT INTO `act_hi_actinst` VALUES ('1803', 'transfer:2:704', '1559', '1559', 'checkYesOrNo', null, null, 'Exclusive Gateway', 'exclusiveGateway', null, '2017-06-17 13:41:06', '2017-06-17 13:41:06', '0');
INSERT INTO `act_hi_actinst` VALUES ('1804', 'transfer:2:704', '1559', '1559', 'outStore', '1805', null, '货物出库', 'userTask', '4028865d5c8677c3015c86cf76f70002', '2017-06-17 13:41:06', '2017-06-17 13:43:07', '121364');
INSERT INTO `act_hi_actinst` VALUES ('1902', 'transfer:2:704', '1543', '1543', 'transferGoods', '1903', null, '货物配送', 'userTask', '4028865d5c8677c3015c86cf76f70002', '2017-06-17 13:42:48', '2017-06-17 13:45:22', '154801');
INSERT INTO `act_hi_actinst` VALUES ('1905', 'transfer:2:704', '1551', '1551', 'transferGoods', '1906', null, '货物配送', 'userTask', '4028865d5c8677c3015c86cf76f70002', '2017-06-17 13:43:04', '2017-06-17 13:47:09', '245744');
INSERT INTO `act_hi_actinst` VALUES ('1908', 'transfer:2:704', '1559', '1559', 'transferGoods', '1909', null, '货物配送', 'userTask', '4028865d5c8677c3015c86cf76f70002', '2017-06-17 13:43:07', '2017-06-17 13:47:42', '275013');
INSERT INTO `act_hi_actinst` VALUES ('2001', 'transfer:2:704', '1543', '1543', 'receive', '2002', null, '配送签收', 'userTask', null, '2017-06-17 13:45:22', null, null);
INSERT INTO `act_hi_actinst` VALUES ('202', 'transfer:1:104', '201', '201', 'startevent1', null, null, 'Start', 'startEvent', null, '2017-05-31 10:04:12', '2017-05-31 10:04:12', '31');
INSERT INTO `act_hi_actinst` VALUES ('206', 'transfer:1:104', '201', '201', 'outStore', '207', null, '货物出库', 'userTask', null, '2017-05-31 10:04:12', null, null);
INSERT INTO `act_hi_actinst` VALUES ('2101', 'transfer:2:704', '1551', '1551', 'receive', '2102', null, '配送签收', 'userTask', '4028865d5c8677c3015c86cf76f70002', '2017-06-17 13:47:09', null, null);
INSERT INTO `act_hi_actinst` VALUES ('2104', 'transfer:2:704', '1559', '1559', 'receive', '2105', null, '配送签收', 'userTask', null, '2017-06-17 13:47:42', null, null);
INSERT INTO `act_hi_actinst` VALUES ('2202', 'transfer:2:704', '2201', '2201', 'startevent1', null, null, 'Start', 'startEvent', null, '2017-06-17 13:50:32', '2017-06-17 13:50:32', '19');
INSERT INTO `act_hi_actinst` VALUES ('2206', 'transfer:2:704', '2201', '2201', 'checkWorkOrderManage', '2207', null, '审核工作单', 'userTask', '4028865d5c8677c3015c86cf76f70002', '2017-06-17 13:50:32', '2017-06-17 13:50:58', '26160');
INSERT INTO `act_hi_actinst` VALUES ('2210', 'transfer:2:704', '2209', '2209', 'startevent1', null, null, 'Start', 'startEvent', null, '2017-06-17 13:50:35', '2017-06-17 13:50:35', '1');
INSERT INTO `act_hi_actinst` VALUES ('2214', 'transfer:2:704', '2209', '2209', 'checkWorkOrderManage', '2215', null, '审核工作单', 'userTask', '4028865d5c8677c3015c86cf76f70002', '2017-06-17 13:50:35', null, null);
INSERT INTO `act_hi_actinst` VALUES ('2218', 'transfer:2:704', '2217', '2217', 'startevent1', null, null, 'Start', 'startEvent', null, '2017-06-17 13:50:37', '2017-06-17 13:50:37', '2');
INSERT INTO `act_hi_actinst` VALUES ('2222', 'transfer:2:704', '2217', '2217', 'checkWorkOrderManage', '2223', null, '审核工作单', 'userTask', '4028865d5c8677c3015c86cf76f70002', '2017-06-17 13:50:37', null, null);
INSERT INTO `act_hi_actinst` VALUES ('2227', 'transfer:2:704', '2201', '2201', 'checkYesOrNo', null, null, 'Exclusive Gateway', 'exclusiveGateway', null, '2017-06-17 13:50:58', '2017-06-17 13:50:58', '0');
INSERT INTO `act_hi_actinst` VALUES ('2228', 'transfer:2:704', '2201', '2201', 'outStore', '2229', null, '货物出库', 'userTask', '4028865d5c8677c3015c86cf76f70002', '2017-06-17 13:50:58', null, null);
INSERT INTO `act_hi_actinst` VALUES ('310', 'transfer:1:308', '309', '309', 'startevent1', null, null, 'Start', 'startEvent', null, '2017-05-31 10:29:05', '2017-05-31 10:29:05', '0');
INSERT INTO `act_hi_actinst` VALUES ('314', 'transfer:1:308', '309', '309', 'checkWorkOrderManage', '315', null, '审核工作单', 'userTask', '4028865d5c5c95d2015c5ceb02e20001', '2017-05-31 10:29:05', null, null);
INSERT INTO `act_hi_actinst` VALUES ('403', 'transfer:1:308', '402', '402', 'startevent1', null, null, 'Start', 'startEvent', null, '2017-05-31 13:08:12', '2017-05-31 13:08:12', '0');
INSERT INTO `act_hi_actinst` VALUES ('407', 'transfer:1:308', '402', '402', 'checkWorkOrderManage', '408', null, '审核工作单', 'userTask', '4028865d5c5c95d2015c5cf31c9d0002', '2017-05-31 13:08:12', '2017-05-31 15:05:35', '7043609');
INSERT INTO `act_hi_actinst` VALUES ('502', 'transfer:1:308', '402', '402', 'checkYesOrNo', null, null, 'Exclusive Gateway', 'exclusiveGateway', null, '2017-05-31 15:05:35', '2017-05-31 15:05:35', '0');
INSERT INTO `act_hi_actinst` VALUES ('503', 'transfer:1:308', '402', '402', 'outStore', '504', null, '货物出库', 'userTask', '4028865d5c5d5190015c5d54fc370000', '2017-05-31 15:05:35', '2017-05-31 15:08:18', '163562');
INSERT INTO `act_hi_actinst` VALUES ('508', 'transfer:1:308', '402', '402', 'transferGoods', '509', null, '货物配送', 'userTask', '4028865d5c5c95d2015c5cf31c9d0002', '2017-05-31 15:08:18', '2017-05-31 15:08:37', '19109');
INSERT INTO `act_hi_actinst` VALUES ('511', 'transfer:1:308', '402', '402', 'receive', '512', null, '配送签收', 'userTask', '4028865d5c5c95d2015c5cf31c9d0002', '2017-05-31 15:08:37', '2017-05-31 15:09:10', '33953');
INSERT INTO `act_hi_actinst` VALUES ('514', 'transfer:1:308', '402', '402', 'endevent1', null, null, 'End', 'endEvent', null, '2017-05-31 15:09:10', '2017-05-31 15:09:10', '0');
INSERT INTO `act_hi_actinst` VALUES ('602', 'transfer:1:308', '601', '601', 'startevent1', null, null, 'Start', 'startEvent', null, '2017-05-31 15:44:59', '2017-05-31 15:44:59', '15');
INSERT INTO `act_hi_actinst` VALUES ('606', 'transfer:1:308', '601', '601', 'checkWorkOrderManage', '607', null, '审核工作单', 'userTask', '4028865d5c5c95d2015c5cf31c9d0002', '2017-05-31 15:44:59', '2017-06-08 08:27:44', '664965234');
INSERT INTO `act_hi_actinst` VALUES ('802', 'transfer:2:704', '801', '801', 'startevent1', null, null, 'Start', 'startEvent', null, '2017-06-07 15:19:27', '2017-06-07 15:19:27', '15');
INSERT INTO `act_hi_actinst` VALUES ('806', 'transfer:2:704', '801', '801', 'checkWorkOrderManage', '807', null, '审核工作单', 'userTask', '4028865d5c5c95d2015c5cf31c9d0002', '2017-06-07 15:19:27', '2017-06-08 08:32:00', '61953796');
INSERT INTO `act_hi_actinst` VALUES ('902', 'transfer:1:308', '601', '601', 'checkYesOrNo', null, null, 'Exclusive Gateway', 'exclusiveGateway', null, '2017-06-08 08:27:44', '2017-06-08 08:27:44', '0');
INSERT INTO `act_hi_actinst` VALUES ('903', 'transfer:1:308', '601', '601', 'outStore', '904', null, '货物出库', 'userTask', '4028865d5c5c95d2015c5cf31c9d0002', '2017-06-08 08:27:44', '2017-06-08 08:31:47', '243156');
INSERT INTO `act_hi_actinst` VALUES ('907', 'transfer:1:308', '601', '601', 'transferGoods', '908', null, '货物配送', 'userTask', '4028865d5c8677c3015c86cf76f70002', '2017-06-08 08:31:47', null, null);
INSERT INTO `act_hi_actinst` VALUES ('911', 'transfer:2:704', '801', '801', 'checkYesOrNo', null, null, 'Exclusive Gateway', 'exclusiveGateway', null, '2017-06-08 08:32:00', '2017-06-08 08:32:00', '0');
INSERT INTO `act_hi_actinst` VALUES ('912', 'transfer:2:704', '801', '801', 'outStore', '913', null, '货物出库', 'userTask', null, '2017-06-08 08:32:00', null, null);

-- ----------------------------
-- Table structure for act_hi_attachment
-- ----------------------------
DROP TABLE IF EXISTS `act_hi_attachment`;
CREATE TABLE `act_hi_attachment` (
  `ID_` varchar(64) COLLATE utf8_bin NOT NULL,
  `REV_` int(11) DEFAULT NULL,
  `USER_ID_` varchar(255) COLLATE utf8_bin DEFAULT NULL,
  `NAME_` varchar(255) COLLATE utf8_bin DEFAULT NULL,
  `DESCRIPTION_` varchar(4000) COLLATE utf8_bin DEFAULT NULL,
  `TYPE_` varchar(255) COLLATE utf8_bin DEFAULT NULL,
  `TASK_ID_` varchar(64) COLLATE utf8_bin DEFAULT NULL,
  `PROC_INST_ID_` varchar(64) COLLATE utf8_bin DEFAULT NULL,
  `URL_` varchar(4000) COLLATE utf8_bin DEFAULT NULL,
  `CONTENT_ID_` varchar(64) COLLATE utf8_bin DEFAULT NULL,
  PRIMARY KEY (`ID_`)
) ENGINE=InnoDB DEFAULT CHARSET=utf8 COLLATE=utf8_bin;

-- ----------------------------
-- Records of act_hi_attachment
-- ----------------------------

-- ----------------------------
-- Table structure for act_hi_comment
-- ----------------------------
DROP TABLE IF EXISTS `act_hi_comment`;
CREATE TABLE `act_hi_comment` (
  `ID_` varchar(64) COLLATE utf8_bin NOT NULL,
  `TYPE_` varchar(255) COLLATE utf8_bin DEFAULT NULL,
  `TIME_` datetime NOT NULL,
  `USER_ID_` varchar(255) COLLATE utf8_bin DEFAULT NULL,
  `TASK_ID_` varchar(64) COLLATE utf8_bin DEFAULT NULL,
  `PROC_INST_ID_` varchar(64) COLLATE utf8_bin DEFAULT NULL,
  `ACTION_` varchar(255) COLLATE utf8_bin DEFAULT NULL,
  `MESSAGE_` varchar(4000) COLLATE utf8_bin DEFAULT NULL,
  `FULL_MSG_` longblob,
  PRIMARY KEY (`ID_`)
) ENGINE=InnoDB DEFAULT CHARSET=utf8 COLLATE=utf8_bin;

-- ----------------------------
-- Records of act_hi_comment
-- ----------------------------

-- ----------------------------
-- Table structure for act_hi_detail
-- ----------------------------
DROP TABLE IF EXISTS `act_hi_detail`;
CREATE TABLE `act_hi_detail` (
  `ID_` varchar(64) COLLATE utf8_bin NOT NULL,
  `TYPE_` varchar(255) COLLATE utf8_bin NOT NULL,
  `PROC_INST_ID_` varchar(64) COLLATE utf8_bin DEFAULT NULL,
  `EXECUTION_ID_` varchar(64) COLLATE utf8_bin DEFAULT NULL,
  `TASK_ID_` varchar(64) COLLATE utf8_bin DEFAULT NULL,
  `ACT_INST_ID_` varchar(64) COLLATE utf8_bin DEFAULT NULL,
  `NAME_` varchar(255) COLLATE utf8_bin NOT NULL,
  `VAR_TYPE_` varchar(255) COLLATE utf8_bin DEFAULT NULL,
  `REV_` int(11) DEFAULT NULL,
  `TIME_` datetime NOT NULL,
  `BYTEARRAY_ID_` varchar(64) COLLATE utf8_bin DEFAULT NULL,
  `DOUBLE_` double DEFAULT NULL,
  `LONG_` bigint(20) DEFAULT NULL,
  `TEXT_` varchar(4000) COLLATE utf8_bin DEFAULT NULL,
  `TEXT2_` varchar(4000) COLLATE utf8_bin DEFAULT NULL,
  PRIMARY KEY (`ID_`),
  KEY `ACT_IDX_HI_DETAIL_PROC_INST` (`PROC_INST_ID_`),
  KEY `ACT_IDX_HI_DETAIL_ACT_INST` (`ACT_INST_ID_`),
  KEY `ACT_IDX_HI_DETAIL_TIME` (`TIME_`),
  KEY `ACT_IDX_HI_DETAIL_NAME` (`NAME_`),
  KEY `ACT_IDX_HI_DETAIL_TASK_ID` (`TASK_ID_`)
) ENGINE=InnoDB DEFAULT CHARSET=utf8 COLLATE=utf8_bin;

-- ----------------------------
-- Records of act_hi_detail
-- ----------------------------

-- ----------------------------
-- Table structure for act_hi_identitylink
-- ----------------------------
DROP TABLE IF EXISTS `act_hi_identitylink`;
CREATE TABLE `act_hi_identitylink` (
  `ID_` varchar(64) COLLATE utf8_bin NOT NULL DEFAULT '',
  `GROUP_ID_` varchar(255) COLLATE utf8_bin DEFAULT NULL,
  `TYPE_` varchar(255) COLLATE utf8_bin DEFAULT NULL,
  `USER_ID_` varchar(255) COLLATE utf8_bin DEFAULT NULL,
  `TASK_ID_` varchar(64) COLLATE utf8_bin DEFAULT NULL,
  `PROC_INST_ID_` varchar(64) COLLATE utf8_bin DEFAULT NULL,
  PRIMARY KEY (`ID_`),
  KEY `ACT_IDX_HI_IDENT_LNK_USER` (`USER_ID_`),
  KEY `ACT_IDX_HI_IDENT_LNK_TASK` (`TASK_ID_`),
  KEY `ACT_IDX_HI_IDENT_LNK_PROCINST` (`PROC_INST_ID_`)
) ENGINE=InnoDB DEFAULT CHARSET=utf8 COLLATE=utf8_bin;

-- ----------------------------
-- Records of act_hi_identitylink
-- ----------------------------
INSERT INTO `act_hi_identitylink` VALUES ('1508', '业务员', 'candidate', null, '1507', null);
INSERT INTO `act_hi_identitylink` VALUES ('1516', '业务员', 'candidate', null, '1515', null);
INSERT INTO `act_hi_identitylink` VALUES ('1524', '业务员', 'candidate', null, '1523', null);
INSERT INTO `act_hi_identitylink` VALUES ('1526', null, 'participant', '4028865d5c8677c3015c86d011fe0003', null, '1501');
INSERT INTO `act_hi_identitylink` VALUES ('1534', '业务员', 'candidate', null, '1533', null);
INSERT INTO `act_hi_identitylink` VALUES ('1542', '业务员', 'candidate', null, '1541', null);
INSERT INTO `act_hi_identitylink` VALUES ('1550', '业务员', 'candidate', null, '1549', null);
INSERT INTO `act_hi_identitylink` VALUES ('1558', '业务员', 'candidate', null, '1557', null);
INSERT INTO `act_hi_identitylink` VALUES ('1566', '业务员', 'candidate', null, '1565', null);
INSERT INTO `act_hi_identitylink` VALUES ('1574', '业务员', 'candidate', null, '1573', null);
INSERT INTO `act_hi_identitylink` VALUES ('1575', null, 'participant', '4028865d5c8677c3015c86d011fe0003', null, '1567');
INSERT INTO `act_hi_identitylink` VALUES ('1576', null, 'participant', '4028865d5c8677c3015c86d011fe0003', null, '1509');
INSERT INTO `act_hi_identitylink` VALUES ('1577', null, 'participant', '4028865d5c8677c3015c86d011fe0003', null, '1517');
INSERT INTO `act_hi_identitylink` VALUES ('1578', null, 'participant', '4028865d5c8677c3015c86d011fe0003', null, '1527');
INSERT INTO `act_hi_identitylink` VALUES ('1579', null, 'participant', '4028865d5c8677c3015c86d011fe0003', null, '1535');
INSERT INTO `act_hi_identitylink` VALUES ('1605', null, 'participant', '4028865d5c8677c3015c86cf76f70002', null, '1543');
INSERT INTO `act_hi_identitylink` VALUES ('1705', '仓库管理员', 'candidate', null, '1704', null);
INSERT INTO `act_hi_identitylink` VALUES ('1710', null, 'participant', '4028865d5c8677c3015c86cf76f70002', null, '1551');
INSERT INTO `act_hi_identitylink` VALUES ('1715', '仓库管理员', 'candidate', null, '1714', null);
INSERT INTO `act_hi_identitylink` VALUES ('1801', null, 'participant', '4028865d5c8677c3015c86cf76f70002', null, '1559');
INSERT INTO `act_hi_identitylink` VALUES ('1806', '仓库管理员', 'candidate', null, '1805', null);
INSERT INTO `act_hi_identitylink` VALUES ('1901', null, 'participant', '4028865d5c8677c3015c86cf76f70002', null, '1543');
INSERT INTO `act_hi_identitylink` VALUES ('1904', '取派员', 'candidate', null, '1903', null);
INSERT INTO `act_hi_identitylink` VALUES ('1907', '取派员', 'candidate', null, '1906', null);
INSERT INTO `act_hi_identitylink` VALUES ('1910', '取派员', 'candidate', null, '1909', null);
INSERT INTO `act_hi_identitylink` VALUES ('2003', '取派员', 'candidate', null, '2002', null);
INSERT INTO `act_hi_identitylink` VALUES ('208', '仓库管理员', 'candidate', null, '207', null);
INSERT INTO `act_hi_identitylink` VALUES ('2103', '取派员', 'candidate', null, '2102', null);
INSERT INTO `act_hi_identitylink` VALUES ('2106', '取派员', 'candidate', null, '2105', null);
INSERT INTO `act_hi_identitylink` VALUES ('2208', '业务员', 'candidate', null, '2207', null);
INSERT INTO `act_hi_identitylink` VALUES ('2216', '业务员', 'candidate', null, '2215', null);
INSERT INTO `act_hi_identitylink` VALUES ('2224', '业务员', 'candidate', null, '2223', null);
INSERT INTO `act_hi_identitylink` VALUES ('2225', null, 'participant', '4028865d5c8677c3015c86cf76f70002', null, '2201');
INSERT INTO `act_hi_identitylink` VALUES ('2230', '仓库管理员', 'candidate', null, '2229', null);
INSERT INTO `act_hi_identitylink` VALUES ('2231', null, 'participant', '4028865d5c8677c3015c86cf76f70002', null, '2209');
INSERT INTO `act_hi_identitylink` VALUES ('2232', null, 'participant', '4028865d5c8677c3015c86cf76f70002', null, '2217');
INSERT INTO `act_hi_identitylink` VALUES ('2233', null, 'participant', '4028865d5c8677c3015c86cf76f70002', null, '601');
INSERT INTO `act_hi_identitylink` VALUES ('316', '业务员', 'candidate', null, '315', null);
INSERT INTO `act_hi_identitylink` VALUES ('409', '业务员', 'candidate', null, '408', null);
INSERT INTO `act_hi_identitylink` VALUES ('411', null, 'participant', '4028865d5c5c95d2015c5ceb02e20001', null, '309');
INSERT INTO `act_hi_identitylink` VALUES ('415', null, 'participant', '4028865d5c5c95d2015c5cf31c9d0002', null, '402');
INSERT INTO `act_hi_identitylink` VALUES ('505', '仓库管理员', 'candidate', null, '504', null);
INSERT INTO `act_hi_identitylink` VALUES ('507', null, 'participant', '4028865d5c5d5190015c5d54fc370000', null, '402');
INSERT INTO `act_hi_identitylink` VALUES ('510', '取派员', 'candidate', null, '509', null);
INSERT INTO `act_hi_identitylink` VALUES ('513', '取派员', 'candidate', null, '512', null);
INSERT INTO `act_hi_identitylink` VALUES ('608', '业务员', 'candidate', null, '607', null);
INSERT INTO `act_hi_identitylink` VALUES ('808', '业务员', 'candidate', null, '807', null);
INSERT INTO `act_hi_identitylink` VALUES ('809', null, 'participant', '4028865d5c5c95d2015c5cf31c9d0002', null, '601');
INSERT INTO `act_hi_identitylink` VALUES ('905', '仓库管理员', 'candidate', null, '904', null);
INSERT INTO `act_hi_identitylink` VALUES ('906', null, 'participant', '4028865d5c5c95d2015c5cf31c9d0002', null, '801');
INSERT INTO `act_hi_identitylink` VALUES ('909', '取派员', 'candidate', null, '908', null);
INSERT INTO `act_hi_identitylink` VALUES ('914', '仓库管理员', 'candidate', null, '913', null);

-- ----------------------------
-- Table structure for act_hi_procinst
-- ----------------------------
DROP TABLE IF EXISTS `act_hi_procinst`;
CREATE TABLE `act_hi_procinst` (
  `ID_` varchar(64) COLLATE utf8_bin NOT NULL,
  `PROC_INST_ID_` varchar(64) COLLATE utf8_bin NOT NULL,
  `BUSINESS_KEY_` varchar(255) COLLATE utf8_bin DEFAULT NULL,
  `PROC_DEF_ID_` varchar(64) COLLATE utf8_bin NOT NULL,
  `START_TIME_` datetime NOT NULL,
  `END_TIME_` datetime DEFAULT NULL,
  `DURATION_` bigint(20) DEFAULT NULL,
  `START_USER_ID_` varchar(255) COLLATE utf8_bin DEFAULT NULL,
  `START_ACT_ID_` varchar(255) COLLATE utf8_bin DEFAULT NULL,
  `END_ACT_ID_` varchar(255) COLLATE utf8_bin DEFAULT NULL,
  `SUPER_PROCESS_INSTANCE_ID_` varchar(64) COLLATE utf8_bin DEFAULT NULL,
  `DELETE_REASON_` varchar(4000) COLLATE utf8_bin DEFAULT NULL,
  PRIMARY KEY (`ID_`),
  UNIQUE KEY `PROC_INST_ID_` (`PROC_INST_ID_`),
  UNIQUE KEY `ACT_UNIQ_HI_BUS_KEY` (`PROC_DEF_ID_`,`BUSINESS_KEY_`),
  KEY `ACT_IDX_HI_PRO_INST_END` (`END_TIME_`),
  KEY `ACT_IDX_HI_PRO_I_BUSKEY` (`BUSINESS_KEY_`)
) ENGINE=InnoDB DEFAULT CHARSET=utf8 COLLATE=utf8_bin;

-- ----------------------------
-- Records of act_hi_procinst
-- ----------------------------
INSERT INTO `act_hi_procinst` VALUES ('1501', '1501', '00002', 'transfer:2:704', '2017-06-16 20:21:03', null, null, null, 'startevent1', null, null, null);
INSERT INTO `act_hi_procinst` VALUES ('1509', '1509', '00003', 'transfer:2:704', '2017-06-16 20:21:14', null, null, null, 'startevent1', null, null, null);
INSERT INTO `act_hi_procinst` VALUES ('1517', '1517', '32321', 'transfer:2:704', '2017-06-16 20:31:27', null, null, null, 'startevent1', null, null, null);
INSERT INTO `act_hi_procinst` VALUES ('1527', '1527', '00004', 'transfer:2:704', '2017-06-16 20:39:26', null, null, null, 'startevent1', null, null, null);
INSERT INTO `act_hi_procinst` VALUES ('1535', '1535', '00005', 'transfer:2:704', '2017-06-16 20:39:29', null, null, null, 'startevent1', null, null, null);
INSERT INTO `act_hi_procinst` VALUES ('1543', '1543', '00006', 'transfer:2:704', '2017-06-16 20:39:33', null, null, null, 'startevent1', null, null, null);
INSERT INTO `act_hi_procinst` VALUES ('1551', '1551', '00007', 'transfer:2:704', '2017-06-16 20:39:36', null, null, null, 'startevent1', null, null, null);
INSERT INTO `act_hi_procinst` VALUES ('1559', '1559', '00008', 'transfer:2:704', '2017-06-16 20:39:38', null, null, null, 'startevent1', null, null, null);
INSERT INTO `act_hi_procinst` VALUES ('1567', '1567', '00010', 'transfer:2:704', '2017-06-16 20:39:40', null, null, null, 'startevent1', null, null, null);
INSERT INTO `act_hi_procinst` VALUES ('201', '201', '34243', 'transfer:1:104', '2017-05-31 10:04:12', null, null, null, 'startevent1', null, null, null);
INSERT INTO `act_hi_procinst` VALUES ('2201', '2201', '00009', 'transfer:2:704', '2017-06-17 13:50:32', null, null, null, 'startevent1', null, null, null);
INSERT INTO `act_hi_procinst` VALUES ('2209', '2209', '00012', 'transfer:2:704', '2017-06-17 13:50:35', null, null, null, 'startevent1', null, null, null);
INSERT INTO `act_hi_procinst` VALUES ('2217', '2217', '00014', 'transfer:2:704', '2017-06-17 13:50:37', null, null, null, 'startevent1', null, null, null);
INSERT INTO `act_hi_procinst` VALUES ('309', '309', '3424', 'transfer:1:308', '2017-05-31 10:29:05', null, null, null, 'startevent1', null, null, null);
INSERT INTO `act_hi_procinst` VALUES ('402', '402', '33232', 'transfer:1:308', '2017-05-31 13:08:12', '2017-05-31 15:09:10', '7258968', null, 'startevent1', 'endevent1', null, null);
INSERT INTO `act_hi_procinst` VALUES ('601', '601', '323443543543', 'transfer:1:308', '2017-05-31 15:44:59', null, null, null, 'startevent1', null, null, null);
INSERT INTO `act_hi_procinst` VALUES ('801', '801', '00001', 'transfer:2:704', '2017-06-07 15:19:27', null, null, null, 'startevent1', null, null, null);

-- ----------------------------
-- Table structure for act_hi_taskinst
-- ----------------------------
DROP TABLE IF EXISTS `act_hi_taskinst`;
CREATE TABLE `act_hi_taskinst` (
  `ID_` varchar(64) COLLATE utf8_bin NOT NULL,
  `PROC_DEF_ID_` varchar(64) COLLATE utf8_bin DEFAULT NULL,
  `TASK_DEF_KEY_` varchar(255) COLLATE utf8_bin DEFAULT NULL,
  `PROC_INST_ID_` varchar(64) COLLATE utf8_bin DEFAULT NULL,
  `EXECUTION_ID_` varchar(64) COLLATE utf8_bin DEFAULT NULL,
  `NAME_` varchar(255) COLLATE utf8_bin DEFAULT NULL,
  `PARENT_TASK_ID_` varchar(64) COLLATE utf8_bin DEFAULT NULL,
  `DESCRIPTION_` varchar(4000) COLLATE utf8_bin DEFAULT NULL,
  `OWNER_` varchar(255) COLLATE utf8_bin DEFAULT NULL,
  `ASSIGNEE_` varchar(255) COLLATE utf8_bin DEFAULT NULL,
  `START_TIME_` datetime NOT NULL,
  `CLAIM_TIME_` datetime DEFAULT NULL,
  `END_TIME_` datetime DEFAULT NULL,
  `DURATION_` bigint(20) DEFAULT NULL,
  `DELETE_REASON_` varchar(4000) COLLATE utf8_bin DEFAULT NULL,
  `PRIORITY_` int(11) DEFAULT NULL,
  `DUE_DATE_` datetime DEFAULT NULL,
  `FORM_KEY_` varchar(255) COLLATE utf8_bin DEFAULT NULL,
  PRIMARY KEY (`ID_`)
) ENGINE=InnoDB DEFAULT CHARSET=utf8 COLLATE=utf8_bin;

-- ----------------------------
-- Records of act_hi_taskinst
-- ----------------------------
INSERT INTO `act_hi_taskinst` VALUES ('1507', 'transfer:2:704', 'checkWorkOrderManage', '1501', '1501', '审核工作单', null, null, null, '4028865d5c8677c3015c86d011fe0003', '2017-06-16 20:21:03', '2017-06-16 20:39:05', null, null, null, '50', null, null);
INSERT INTO `act_hi_taskinst` VALUES ('1515', 'transfer:2:704', 'checkWorkOrderManage', '1509', '1509', '审核工作单', null, null, null, '4028865d5c8677c3015c86d011fe0003', '2017-06-16 20:21:14', '2017-06-16 20:39:50', null, null, null, '50', null, null);
INSERT INTO `act_hi_taskinst` VALUES ('1523', 'transfer:2:704', 'checkWorkOrderManage', '1517', '1517', '审核工作单', null, null, null, '4028865d5c8677c3015c86d011fe0003', '2017-06-16 20:31:27', '2017-06-16 20:39:52', null, null, null, '50', null, null);
INSERT INTO `act_hi_taskinst` VALUES ('1533', 'transfer:2:704', 'checkWorkOrderManage', '1527', '1527', '审核工作单', null, null, null, '4028865d5c8677c3015c86d011fe0003', '2017-06-16 20:39:26', '2017-06-16 20:39:54', null, null, null, '50', null, null);
INSERT INTO `act_hi_taskinst` VALUES ('1541', 'transfer:2:704', 'checkWorkOrderManage', '1535', '1535', '审核工作单', null, null, null, '4028865d5c8677c3015c86d011fe0003', '2017-06-16 20:39:29', '2017-06-16 20:39:56', null, null, null, '50', null, null);
INSERT INTO `act_hi_taskinst` VALUES ('1549', 'transfer:2:704', 'checkWorkOrderManage', '1543', '1543', '审核工作单', null, null, null, '4028865d5c8677c3015c86cf76f70002', '2017-06-16 20:39:33', '2017-06-16 20:56:19', '2017-06-17 13:38:31', '61138838', 'completed', '50', null, null);
INSERT INTO `act_hi_taskinst` VALUES ('1557', 'transfer:2:704', 'checkWorkOrderManage', '1551', '1551', '审核工作单', null, null, null, '4028865d5c8677c3015c86cf76f70002', '2017-06-16 20:39:36', '2017-06-17 13:39:39', '2017-06-17 13:39:50', '61214587', 'completed', '50', null, null);
INSERT INTO `act_hi_taskinst` VALUES ('1565', 'transfer:2:704', 'checkWorkOrderManage', '1559', '1559', '审核工作单', null, null, null, '4028865d5c8677c3015c86cf76f70002', '2017-06-16 20:39:38', '2017-06-17 13:40:56', '2017-06-17 13:41:06', '61288568', 'completed', '50', null, null);
INSERT INTO `act_hi_taskinst` VALUES ('1573', 'transfer:2:704', 'checkWorkOrderManage', '1567', '1567', '审核工作单', null, null, null, '4028865d5c8677c3015c86d011fe0003', '2017-06-16 20:39:40', '2017-06-16 20:39:47', null, null, null, '50', null, null);
INSERT INTO `act_hi_taskinst` VALUES ('1704', 'transfer:2:704', 'outStore', '1543', '1543', '货物出库', null, null, null, '4028865d5c8677c3015c86cf76f70002', '2017-06-17 13:38:31', '2017-06-17 13:42:42', '2017-06-17 13:42:48', '257693', 'completed', '50', null, null);
INSERT INTO `act_hi_taskinst` VALUES ('1714', 'transfer:2:704', 'outStore', '1551', '1551', '货物出库', null, null, null, '4028865d5c8677c3015c86cf76f70002', '2017-06-17 13:39:50', '2017-06-17 13:42:57', '2017-06-17 13:43:04', '194938', 'completed', '50', null, null);
INSERT INTO `act_hi_taskinst` VALUES ('1805', 'transfer:2:704', 'outStore', '1559', '1559', '货物出库', null, null, null, '4028865d5c8677c3015c86cf76f70002', '2017-06-17 13:41:06', '2017-06-17 13:43:00', '2017-06-17 13:43:07', '121359', 'completed', '50', null, null);
INSERT INTO `act_hi_taskinst` VALUES ('1903', 'transfer:2:704', 'transferGoods', '1543', '1543', '货物配送', null, null, null, '4028865d5c8677c3015c86cf76f70002', '2017-06-17 13:42:48', '2017-06-17 13:45:16', '2017-06-17 13:45:22', '154787', 'completed', '50', null, null);
INSERT INTO `act_hi_taskinst` VALUES ('1906', 'transfer:2:704', 'transferGoods', '1551', '1551', '货物配送', null, null, null, '4028865d5c8677c3015c86cf76f70002', '2017-06-17 13:43:04', '2017-06-17 13:47:02', '2017-06-17 13:47:09', '245724', 'completed', '50', null, null);
INSERT INTO `act_hi_taskinst` VALUES ('1909', 'transfer:2:704', 'transferGoods', '1559', '1559', '货物配送', null, null, null, '4028865d5c8677c3015c86cf76f70002', '2017-06-17 13:43:07', '2017-06-17 13:47:25', '2017-06-17 13:47:42', '275008', 'completed', '50', null, null);
INSERT INTO `act_hi_taskinst` VALUES ('2002', 'transfer:2:704', 'receive', '1543', '1543', '配送签收', null, null, null, null, '2017-06-17 13:45:22', null, null, null, null, '50', null, null);
INSERT INTO `act_hi_taskinst` VALUES ('207', 'transfer:1:104', 'outStore', '201', '201', '货物出库', null, null, null, null, '2017-05-31 10:04:12', null, null, null, null, '50', null, null);
INSERT INTO `act_hi_taskinst` VALUES ('2102', 'transfer:2:704', 'receive', '1551', '1551', '配送签收', null, null, null, '4028865d5c8677c3015c86cf76f70002', '2017-06-17 13:47:09', '2017-06-17 13:51:21', null, null, null, '50', null, null);
INSERT INTO `act_hi_taskinst` VALUES ('2105', 'transfer:2:704', 'receive', '1559', '1559', '配送签收', null, null, null, null, '2017-06-17 13:47:42', null, null, null, null, '50', null, null);
INSERT INTO `act_hi_taskinst` VALUES ('2207', 'transfer:2:704', 'checkWorkOrderManage', '2201', '2201', '审核工作单', null, null, null, '4028865d5c8677c3015c86cf76f70002', '2017-06-17 13:50:32', '2017-06-17 13:50:44', '2017-06-17 13:50:58', '26156', 'completed', '50', null, null);
INSERT INTO `act_hi_taskinst` VALUES ('2215', 'transfer:2:704', 'checkWorkOrderManage', '2209', '2209', '审核工作单', null, null, null, '4028865d5c8677c3015c86cf76f70002', '2017-06-17 13:50:35', '2017-06-17 13:51:07', null, null, null, '50', null, null);
INSERT INTO `act_hi_taskinst` VALUES ('2223', 'transfer:2:704', 'checkWorkOrderManage', '2217', '2217', '审核工作单', null, null, null, '4028865d5c8677c3015c86cf76f70002', '2017-06-17 13:50:37', '2017-06-17 13:51:12', null, null, null, '50', null, null);
INSERT INTO `act_hi_taskinst` VALUES ('2229', 'transfer:2:704', 'outStore', '2201', '2201', '货物出库', null, null, null, '4028865d5c8677c3015c86cf76f70002', '2017-06-17 13:50:58', '2017-06-17 13:51:18', null, null, null, '50', null, null);
INSERT INTO `act_hi_taskinst` VALUES ('315', 'transfer:1:308', 'checkWorkOrderManage', '309', '309', '审核工作单', null, null, null, '4028865d5c5c95d2015c5ceb02e20001', '2017-05-31 10:29:05', '2017-05-31 13:16:20', null, null, null, '50', null, null);
INSERT INTO `act_hi_taskinst` VALUES ('408', 'transfer:1:308', 'checkWorkOrderManage', '402', '402', '审核工作单', null, null, null, '4028865d5c5c95d2015c5cf31c9d0002', '2017-05-31 13:08:12', '2017-05-31 13:21:59', '2017-05-31 15:05:35', '7043593', 'completed', '50', null, null);
INSERT INTO `act_hi_taskinst` VALUES ('504', 'transfer:1:308', 'outStore', '402', '402', '货物出库', null, null, null, '4028865d5c5d5190015c5d54fc370000', '2017-05-31 15:05:35', '2017-05-31 15:08:11', '2017-05-31 15:08:18', '163562', 'completed', '50', null, null);
INSERT INTO `act_hi_taskinst` VALUES ('509', 'transfer:1:308', 'transferGoods', '402', '402', '货物配送', null, null, null, '4028865d5c5c95d2015c5cf31c9d0002', '2017-05-31 15:08:18', '2017-05-31 15:08:33', '2017-05-31 15:08:37', '19109', 'completed', '50', null, null);
INSERT INTO `act_hi_taskinst` VALUES ('512', 'transfer:1:308', 'receive', '402', '402', '配送签收', null, null, null, '4028865d5c5c95d2015c5cf31c9d0002', '2017-05-31 15:08:37', '2017-05-31 15:09:05', '2017-05-31 15:09:10', '33953', 'completed', '50', null, null);
INSERT INTO `act_hi_taskinst` VALUES ('607', 'transfer:1:308', 'checkWorkOrderManage', '601', '601', '审核工作单', null, null, null, '4028865d5c5c95d2015c5cf31c9d0002', '2017-05-31 15:44:59', '2017-06-07 15:19:35', '2017-06-08 08:27:44', '664965187', 'completed', '50', null, null);
INSERT INTO `act_hi_taskinst` VALUES ('807', 'transfer:2:704', 'checkWorkOrderManage', '801', '801', '审核工作单', null, null, null, '4028865d5c5c95d2015c5cf31c9d0002', '2017-06-07 15:19:27', '2017-06-08 08:31:32', '2017-06-08 08:32:00', '61953781', 'completed', '50', null, null);
INSERT INTO `act_hi_taskinst` VALUES ('904', 'transfer:1:308', 'outStore', '601', '601', '货物出库', null, null, null, '4028865d5c5c95d2015c5cf31c9d0002', '2017-06-08 08:27:44', '2017-06-08 08:31:27', '2017-06-08 08:31:47', '243156', 'completed', '50', null, null);
INSERT INTO `act_hi_taskinst` VALUES ('908', 'transfer:1:308', 'transferGoods', '601', '601', '货物配送', null, null, null, '4028865d5c8677c3015c86cf76f70002', '2017-06-08 08:31:47', '2017-06-17 13:51:15', null, null, null, '50', null, null);
INSERT INTO `act_hi_taskinst` VALUES ('913', 'transfer:2:704', 'outStore', '801', '801', '货物出库', null, null, null, null, '2017-06-08 08:32:00', null, null, null, null, '50', null, null);

-- ----------------------------
-- Table structure for act_hi_varinst
-- ----------------------------
DROP TABLE IF EXISTS `act_hi_varinst`;
CREATE TABLE `act_hi_varinst` (
  `ID_` varchar(64) COLLATE utf8_bin NOT NULL,
  `PROC_INST_ID_` varchar(64) COLLATE utf8_bin DEFAULT NULL,
  `EXECUTION_ID_` varchar(64) COLLATE utf8_bin DEFAULT NULL,
  `TASK_ID_` varchar(64) COLLATE utf8_bin DEFAULT NULL,
  `NAME_` varchar(255) COLLATE utf8_bin NOT NULL,
  `VAR_TYPE_` varchar(100) COLLATE utf8_bin DEFAULT NULL,
  `REV_` int(11) DEFAULT NULL,
  `BYTEARRAY_ID_` varchar(64) COLLATE utf8_bin DEFAULT NULL,
  `DOUBLE_` double DEFAULT NULL,
  `LONG_` bigint(20) DEFAULT NULL,
  `TEXT_` varchar(4000) COLLATE utf8_bin DEFAULT NULL,
  `TEXT2_` varchar(4000) COLLATE utf8_bin DEFAULT NULL,
  PRIMARY KEY (`ID_`),
  KEY `ACT_IDX_HI_PROCVAR_PROC_INST` (`PROC_INST_ID_`),
  KEY `ACT_IDX_HI_PROCVAR_NAME_TYPE` (`NAME_`,`VAR_TYPE_`)
) ENGINE=InnoDB DEFAULT CHARSET=utf8 COLLATE=utf8_bin;

-- ----------------------------
-- Records of act_hi_varinst
-- ----------------------------
INSERT INTO `act_hi_varinst` VALUES ('1504', '1501', '1501', null, '业务数据', 'serializable', '0', '1505', null, null, null, null);
INSERT INTO `act_hi_varinst` VALUES ('1512', '1509', '1509', null, '业务数据', 'serializable', '0', '1513', null, null, null, null);
INSERT INTO `act_hi_varinst` VALUES ('1520', '1517', '1517', null, '业务数据', 'serializable', '0', '1521', null, null, null, null);
INSERT INTO `act_hi_varinst` VALUES ('1530', '1527', '1527', null, '业务数据', 'serializable', '0', '1531', null, null, null, null);
INSERT INTO `act_hi_varinst` VALUES ('1538', '1535', '1535', null, '业务数据', 'serializable', '0', '1539', null, null, null, null);
INSERT INTO `act_hi_varinst` VALUES ('1546', '1543', '1543', null, '业务数据', 'serializable', '0', '1547', null, null, null, null);
INSERT INTO `act_hi_varinst` VALUES ('1554', '1551', '1551', null, '业务数据', 'serializable', '0', '1555', null, null, null, null);
INSERT INTO `act_hi_varinst` VALUES ('1562', '1559', '1559', null, '业务数据', 'serializable', '0', '1563', null, null, null, null);
INSERT INTO `act_hi_varinst` VALUES ('1570', '1567', '1567', null, '业务数据', 'serializable', '0', '1571', null, null, null, null);
INSERT INTO `act_hi_varinst` VALUES ('1701', '1543', '1543', null, 'check', 'string', '0', null, null, null, '1', null);
INSERT INTO `act_hi_varinst` VALUES ('1711', '1551', '1551', null, 'check', 'string', '0', null, null, null, '1', null);
INSERT INTO `act_hi_varinst` VALUES ('1802', '1559', '1559', null, 'check', 'string', '0', null, null, null, '1', null);
INSERT INTO `act_hi_varinst` VALUES ('204', '201', '201', null, '业务数据', 'serializable', '0', '205', null, null, null, null);
INSERT INTO `act_hi_varinst` VALUES ('2204', '2201', '2201', null, '业务数据', 'serializable', '0', '2205', null, null, null, null);
INSERT INTO `act_hi_varinst` VALUES ('2212', '2209', '2209', null, '业务数据', 'serializable', '0', '2213', null, null, null, null);
INSERT INTO `act_hi_varinst` VALUES ('2220', '2217', '2217', null, '业务数据', 'serializable', '0', '2221', null, null, null, null);
INSERT INTO `act_hi_varinst` VALUES ('2226', '2201', '2201', null, 'check', 'string', '0', null, null, null, '1', null);
INSERT INTO `act_hi_varinst` VALUES ('312', '309', '309', null, '业务数据', 'serializable', '0', '313', null, null, null, null);
INSERT INTO `act_hi_varinst` VALUES ('405', '402', '402', null, '业务数据', 'serializable', '0', '406', null, null, null, null);
INSERT INTO `act_hi_varinst` VALUES ('501', '402', '402', null, 'check', 'string', '0', null, null, null, '1', null);
INSERT INTO `act_hi_varinst` VALUES ('604', '601', '601', null, '业务数据', 'serializable', '0', '605', null, null, null, null);
INSERT INTO `act_hi_varinst` VALUES ('804', '801', '801', null, '业务数据', 'serializable', '0', '805', null, null, null, null);
INSERT INTO `act_hi_varinst` VALUES ('901', '601', '601', null, 'check', 'string', '0', null, null, null, '1', null);
INSERT INTO `act_hi_varinst` VALUES ('910', '801', '801', null, 'check', 'string', '0', null, null, null, '0', null);

-- ----------------------------
-- Table structure for act_id_group
-- ----------------------------
DROP TABLE IF EXISTS `act_id_group`;
CREATE TABLE `act_id_group` (
  `ID_` varchar(64) COLLATE utf8_bin NOT NULL DEFAULT '',
  `REV_` int(11) DEFAULT NULL,
  `NAME_` varchar(255) COLLATE utf8_bin DEFAULT NULL,
  `TYPE_` varchar(255) COLLATE utf8_bin DEFAULT NULL,
  PRIMARY KEY (`ID_`)
) ENGINE=InnoDB DEFAULT CHARSET=utf8 COLLATE=utf8_bin;

-- ----------------------------
-- Records of act_id_group
-- ----------------------------
INSERT INTO `act_id_group` VALUES ('业务员', '1', null, null);
INSERT INTO `act_id_group` VALUES ('仓库管理员', '1', null, null);
INSERT INTO `act_id_group` VALUES ('取派员', '1', null, null);
INSERT INTO `act_id_group` VALUES ('管理员', '1', null, null);

-- ----------------------------
-- Table structure for act_id_info
-- ----------------------------
DROP TABLE IF EXISTS `act_id_info`;
CREATE TABLE `act_id_info` (
  `ID_` varchar(64) COLLATE utf8_bin NOT NULL DEFAULT '',
  `REV_` int(11) DEFAULT NULL,
  `USER_ID_` varchar(64) COLLATE utf8_bin DEFAULT NULL,
  `TYPE_` varchar(64) COLLATE utf8_bin DEFAULT NULL,
  `KEY_` varchar(255) COLLATE utf8_bin DEFAULT NULL,
  `VALUE_` varchar(255) COLLATE utf8_bin DEFAULT NULL,
  `PASSWORD_` longblob,
  `PARENT_ID_` varchar(255) COLLATE utf8_bin DEFAULT NULL,
  PRIMARY KEY (`ID_`)
) ENGINE=InnoDB DEFAULT CHARSET=utf8 COLLATE=utf8_bin;

-- ----------------------------
-- Records of act_id_info
-- ----------------------------

-- ----------------------------
-- Table structure for act_id_membership
-- ----------------------------
DROP TABLE IF EXISTS `act_id_membership`;
CREATE TABLE `act_id_membership` (
  `USER_ID_` varchar(64) COLLATE utf8_bin NOT NULL DEFAULT '',
  `GROUP_ID_` varchar(64) COLLATE utf8_bin NOT NULL DEFAULT '',
  PRIMARY KEY (`USER_ID_`,`GROUP_ID_`),
  KEY `ACT_FK_MEMB_GROUP` (`GROUP_ID_`),
  CONSTRAINT `ACT_FK_MEMB_GROUP` FOREIGN KEY (`GROUP_ID_`) REFERENCES `act_id_group` (`ID_`),
  CONSTRAINT `ACT_FK_MEMB_USER` FOREIGN KEY (`USER_ID_`) REFERENCES `act_id_user` (`ID_`)
) ENGINE=InnoDB DEFAULT CHARSET=utf8 COLLATE=utf8_bin;

-- ----------------------------
-- Records of act_id_membership
-- ----------------------------
INSERT INTO `act_id_membership` VALUES ('4028865d5c8677c3015c86cf76f70002', '业务员');
INSERT INTO `act_id_membership` VALUES ('4028865d5c8677c3015c86d011fe0003', '业务员');
INSERT INTO `act_id_membership` VALUES ('4028865d5c8677c3015c86cf76f70002', '仓库管理员');
INSERT INTO `act_id_membership` VALUES ('4028865d5c8677c3015c86d0d8b90004', '仓库管理员');
INSERT INTO `act_id_membership` VALUES ('4028865d5c8a4a47015c8a4c16420000', '仓库管理员');
INSERT INTO `act_id_membership` VALUES ('4028865d5c8677c3015c86cf76f70002', '取派员');
INSERT INTO `act_id_membership` VALUES ('4028865d5c8a4a47015c8a4c16420000', '取派员');
INSERT INTO `act_id_membership` VALUES ('4028865d5c8677c3015c86cf76f70002', '管理员');

-- ----------------------------
-- Table structure for act_id_user
-- ----------------------------
DROP TABLE IF EXISTS `act_id_user`;
CREATE TABLE `act_id_user` (
  `ID_` varchar(64) COLLATE utf8_bin NOT NULL DEFAULT '',
  `REV_` int(11) DEFAULT NULL,
  `FIRST_` varchar(255) COLLATE utf8_bin DEFAULT NULL,
  `LAST_` varchar(255) COLLATE utf8_bin DEFAULT NULL,
  `EMAIL_` varchar(255) COLLATE utf8_bin DEFAULT NULL,
  `PWD_` varchar(255) COLLATE utf8_bin DEFAULT NULL,
  `PICTURE_ID_` varchar(64) COLLATE utf8_bin DEFAULT NULL,
  PRIMARY KEY (`ID_`)
) ENGINE=InnoDB DEFAULT CHARSET=utf8 COLLATE=utf8_bin;

-- ----------------------------
-- Records of act_id_user
-- ----------------------------
INSERT INTO `act_id_user` VALUES ('4028865d5c8677c3015c86cf76f70002', '1', null, null, null, null, null);
INSERT INTO `act_id_user` VALUES ('4028865d5c8677c3015c86d011fe0003', '1', null, null, null, null, null);
INSERT INTO `act_id_user` VALUES ('4028865d5c8677c3015c86d0d8b90004', '1', null, null, null, null, null);
INSERT INTO `act_id_user` VALUES ('4028865d5c8677c3015c86d140da0005', '1', null, null, null, null, null);
INSERT INTO `act_id_user` VALUES ('4028865d5c8a4a47015c8a4c16420000', '1', null, null, null, null, null);

-- ----------------------------
-- Table structure for act_re_deployment
-- ----------------------------
DROP TABLE IF EXISTS `act_re_deployment`;
CREATE TABLE `act_re_deployment` (
  `ID_` varchar(64) COLLATE utf8_bin NOT NULL DEFAULT '',
  `NAME_` varchar(255) COLLATE utf8_bin DEFAULT NULL,
  `CATEGORY_` varchar(255) COLLATE utf8_bin DEFAULT NULL,
  `DEPLOY_TIME_` timestamp NOT NULL DEFAULT CURRENT_TIMESTAMP ON UPDATE CURRENT_TIMESTAMP,
  PRIMARY KEY (`ID_`)
) ENGINE=InnoDB DEFAULT CHARSET=utf8 COLLATE=utf8_bin;

-- ----------------------------
-- Records of act_re_deployment
-- ----------------------------
INSERT INTO `act_re_deployment` VALUES ('305', null, null, '2017-05-31 10:28:18');
INSERT INTO `act_re_deployment` VALUES ('701', null, null, '2017-05-31 15:48:06');

-- ----------------------------
-- Table structure for act_re_model
-- ----------------------------
DROP TABLE IF EXISTS `act_re_model`;
CREATE TABLE `act_re_model` (
  `ID_` varchar(64) COLLATE utf8_bin NOT NULL,
  `REV_` int(11) DEFAULT NULL,
  `NAME_` varchar(255) COLLATE utf8_bin DEFAULT NULL,
  `KEY_` varchar(255) COLLATE utf8_bin DEFAULT NULL,
  `CATEGORY_` varchar(255) COLLATE utf8_bin DEFAULT NULL,
  `CREATE_TIME_` timestamp NULL DEFAULT NULL,
  `LAST_UPDATE_TIME_` timestamp NULL DEFAULT NULL,
  `VERSION_` int(11) DEFAULT NULL,
  `META_INFO_` varchar(4000) COLLATE utf8_bin DEFAULT NULL,
  `DEPLOYMENT_ID_` varchar(64) COLLATE utf8_bin DEFAULT NULL,
  `EDITOR_SOURCE_VALUE_ID_` varchar(64) COLLATE utf8_bin DEFAULT NULL,
  `EDITOR_SOURCE_EXTRA_VALUE_ID_` varchar(64) COLLATE utf8_bin DEFAULT NULL,
  PRIMARY KEY (`ID_`),
  KEY `ACT_FK_MODEL_SOURCE` (`EDITOR_SOURCE_VALUE_ID_`),
  KEY `ACT_FK_MODEL_SOURCE_EXTRA` (`EDITOR_SOURCE_EXTRA_VALUE_ID_`),
  KEY `ACT_FK_MODEL_DEPLOYMENT` (`DEPLOYMENT_ID_`),
  CONSTRAINT `ACT_FK_MODEL_DEPLOYMENT` FOREIGN KEY (`DEPLOYMENT_ID_`) REFERENCES `act_re_deployment` (`ID_`),
  CONSTRAINT `ACT_FK_MODEL_SOURCE` FOREIGN KEY (`EDITOR_SOURCE_VALUE_ID_`) REFERENCES `act_ge_bytearray` (`ID_`),
  CONSTRAINT `ACT_FK_MODEL_SOURCE_EXTRA` FOREIGN KEY (`EDITOR_SOURCE_EXTRA_VALUE_ID_`) REFERENCES `act_ge_bytearray` (`ID_`)
) ENGINE=InnoDB DEFAULT CHARSET=utf8 COLLATE=utf8_bin;

-- ----------------------------
-- Records of act_re_model
-- ----------------------------

-- ----------------------------
-- Table structure for act_re_procdef
-- ----------------------------
DROP TABLE IF EXISTS `act_re_procdef`;
CREATE TABLE `act_re_procdef` (
  `ID_` varchar(64) COLLATE utf8_bin NOT NULL,
  `REV_` int(11) DEFAULT NULL,
  `CATEGORY_` varchar(255) COLLATE utf8_bin DEFAULT NULL,
  `NAME_` varchar(255) COLLATE utf8_bin DEFAULT NULL,
  `KEY_` varchar(255) COLLATE utf8_bin NOT NULL,
  `VERSION_` int(11) NOT NULL,
  `DEPLOYMENT_ID_` varchar(64) COLLATE utf8_bin DEFAULT NULL,
  `RESOURCE_NAME_` varchar(4000) COLLATE utf8_bin DEFAULT NULL,
  `DGRM_RESOURCE_NAME_` varchar(4000) COLLATE utf8_bin DEFAULT NULL,
  `DESCRIPTION_` varchar(4000) COLLATE utf8_bin DEFAULT NULL,
  `HAS_START_FORM_KEY_` tinyint(4) DEFAULT NULL,
  `SUSPENSION_STATE_` int(11) DEFAULT NULL,
  PRIMARY KEY (`ID_`),
  UNIQUE KEY `ACT_UNIQ_PROCDEF` (`KEY_`,`VERSION_`)
) ENGINE=InnoDB DEFAULT CHARSET=utf8 COLLATE=utf8_bin;

-- ----------------------------
-- Records of act_re_procdef
-- ----------------------------
INSERT INTO `act_re_procdef` VALUES ('transfer:1:308', '1', 'http://www.activiti.org/test', '物流配送流程', 'transfer', '1', '305', 'transferProcess.bpmn', 'transferProcess.png', null, '0', '1');
INSERT INTO `act_re_procdef` VALUES ('transfer:2:704', '1', 'http://www.activiti.org/test', '物流配送流程', 'transfer', '2', '701', 'transferProcess.bpmn', 'transferProcess.png', null, '0', '1');

-- ----------------------------
-- Table structure for act_ru_event_subscr
-- ----------------------------
DROP TABLE IF EXISTS `act_ru_event_subscr`;
CREATE TABLE `act_ru_event_subscr` (
  `ID_` varchar(64) COLLATE utf8_bin NOT NULL,
  `REV_` int(11) DEFAULT NULL,
  `EVENT_TYPE_` varchar(255) COLLATE utf8_bin NOT NULL,
  `EVENT_NAME_` varchar(255) COLLATE utf8_bin DEFAULT NULL,
  `EXECUTION_ID_` varchar(64) COLLATE utf8_bin DEFAULT NULL,
  `PROC_INST_ID_` varchar(64) COLLATE utf8_bin DEFAULT NULL,
  `ACTIVITY_ID_` varchar(64) COLLATE utf8_bin DEFAULT NULL,
  `CONFIGURATION_` varchar(255) COLLATE utf8_bin DEFAULT NULL,
  `CREATED_` timestamp NOT NULL DEFAULT CURRENT_TIMESTAMP ON UPDATE CURRENT_TIMESTAMP,
  PRIMARY KEY (`ID_`),
  KEY `ACT_IDX_EVENT_SUBSCR_CONFIG_` (`CONFIGURATION_`),
  KEY `ACT_FK_EVENT_EXEC` (`EXECUTION_ID_`),
  CONSTRAINT `ACT_FK_EVENT_EXEC` FOREIGN KEY (`EXECUTION_ID_`) REFERENCES `act_ru_execution` (`ID_`)
) ENGINE=InnoDB DEFAULT CHARSET=utf8 COLLATE=utf8_bin;

-- ----------------------------
-- Records of act_ru_event_subscr
-- ----------------------------

-- ----------------------------
-- Table structure for act_ru_execution
-- ----------------------------
DROP TABLE IF EXISTS `act_ru_execution`;
CREATE TABLE `act_ru_execution` (
  `ID_` varchar(64) COLLATE utf8_bin NOT NULL DEFAULT '',
  `REV_` int(11) DEFAULT NULL,
  `PROC_INST_ID_` varchar(64) COLLATE utf8_bin DEFAULT NULL,
  `BUSINESS_KEY_` varchar(255) COLLATE utf8_bin DEFAULT NULL,
  `PARENT_ID_` varchar(64) COLLATE utf8_bin DEFAULT NULL,
  `PROC_DEF_ID_` varchar(64) COLLATE utf8_bin DEFAULT NULL,
  `SUPER_EXEC_` varchar(64) COLLATE utf8_bin DEFAULT NULL,
  `ACT_ID_` varchar(255) COLLATE utf8_bin DEFAULT NULL,
  `IS_ACTIVE_` tinyint(4) DEFAULT NULL,
  `IS_CONCURRENT_` tinyint(4) DEFAULT NULL,
  `IS_SCOPE_` tinyint(4) DEFAULT NULL,
  `IS_EVENT_SCOPE_` tinyint(4) DEFAULT NULL,
  `SUSPENSION_STATE_` int(11) DEFAULT NULL,
  `CACHED_ENT_STATE_` int(11) DEFAULT NULL,
  PRIMARY KEY (`ID_`),
  UNIQUE KEY `ACT_UNIQ_RU_BUS_KEY` (`PROC_DEF_ID_`,`BUSINESS_KEY_`),
  KEY `ACT_IDX_EXEC_BUSKEY` (`BUSINESS_KEY_`),
  KEY `ACT_FK_EXE_PROCINST` (`PROC_INST_ID_`),
  KEY `ACT_FK_EXE_PARENT` (`PARENT_ID_`),
  KEY `ACT_FK_EXE_SUPER` (`SUPER_EXEC_`),
  CONSTRAINT `ACT_FK_EXE_PARENT` FOREIGN KEY (`PARENT_ID_`) REFERENCES `act_ru_execution` (`ID_`),
  CONSTRAINT `ACT_FK_EXE_PROCDEF` FOREIGN KEY (`PROC_DEF_ID_`) REFERENCES `act_re_procdef` (`ID_`),
  CONSTRAINT `ACT_FK_EXE_PROCINST` FOREIGN KEY (`PROC_INST_ID_`) REFERENCES `act_ru_execution` (`ID_`) ON DELETE CASCADE ON UPDATE CASCADE,
  CONSTRAINT `ACT_FK_EXE_SUPER` FOREIGN KEY (`SUPER_EXEC_`) REFERENCES `act_ru_execution` (`ID_`)
) ENGINE=InnoDB DEFAULT CHARSET=utf8 COLLATE=utf8_bin;

-- ----------------------------
-- Records of act_ru_execution
-- ----------------------------
INSERT INTO `act_ru_execution` VALUES ('1501', '1', '1501', '00002', null, 'transfer:2:704', null, 'checkWorkOrderManage', '1', '0', '1', '0', '1', '2');
INSERT INTO `act_ru_execution` VALUES ('1509', '1', '1509', '00003', null, 'transfer:2:704', null, 'checkWorkOrderManage', '1', '0', '1', '0', '1', '2');
INSERT INTO `act_ru_execution` VALUES ('1517', '1', '1517', '32321', null, 'transfer:2:704', null, 'checkWorkOrderManage', '1', '0', '1', '0', '1', '2');
INSERT INTO `act_ru_execution` VALUES ('1527', '1', '1527', '00004', null, 'transfer:2:704', null, 'checkWorkOrderManage', '1', '0', '1', '0', '1', '2');
INSERT INTO `act_ru_execution` VALUES ('1535', '1', '1535', '00005', null, 'transfer:2:704', null, 'checkWorkOrderManage', '1', '0', '1', '0', '1', '2');
INSERT INTO `act_ru_execution` VALUES ('1543', '4', '1543', '00006', null, 'transfer:2:704', null, 'receive', '1', '0', '1', '0', '1', '2');
INSERT INTO `act_ru_execution` VALUES ('1551', '4', '1551', '00007', null, 'transfer:2:704', null, 'receive', '1', '0', '1', '0', '1', '2');
INSERT INTO `act_ru_execution` VALUES ('1559', '4', '1559', '00008', null, 'transfer:2:704', null, 'receive', '1', '0', '1', '0', '1', '2');
INSERT INTO `act_ru_execution` VALUES ('1567', '1', '1567', '00010', null, 'transfer:2:704', null, 'checkWorkOrderManage', '1', '0', '1', '0', '1', '2');
INSERT INTO `act_ru_execution` VALUES ('2201', '2', '2201', '00009', null, 'transfer:2:704', null, 'outStore', '1', '0', '1', '0', '1', '2');
INSERT INTO `act_ru_execution` VALUES ('2209', '1', '2209', '00012', null, 'transfer:2:704', null, 'checkWorkOrderManage', '1', '0', '1', '0', '1', '2');
INSERT INTO `act_ru_execution` VALUES ('2217', '1', '2217', '00014', null, 'transfer:2:704', null, 'checkWorkOrderManage', '1', '0', '1', '0', '1', '2');
INSERT INTO `act_ru_execution` VALUES ('309', '1', '309', '3424', null, 'transfer:1:308', null, 'checkWorkOrderManage', '1', '0', '1', '0', '1', '2');
INSERT INTO `act_ru_execution` VALUES ('601', '3', '601', '323443543543', null, 'transfer:1:308', null, 'transferGoods', '1', '0', '1', '0', '1', '2');
INSERT INTO `act_ru_execution` VALUES ('801', '2', '801', '00001', null, 'transfer:2:704', null, 'outStore', '1', '0', '1', '0', '1', '2');

-- ----------------------------
-- Table structure for act_ru_identitylink
-- ----------------------------
DROP TABLE IF EXISTS `act_ru_identitylink`;
CREATE TABLE `act_ru_identitylink` (
  `ID_` varchar(64) COLLATE utf8_bin NOT NULL DEFAULT '',
  `REV_` int(11) DEFAULT NULL,
  `GROUP_ID_` varchar(255) COLLATE utf8_bin DEFAULT NULL,
  `TYPE_` varchar(255) COLLATE utf8_bin DEFAULT NULL,
  `USER_ID_` varchar(255) COLLATE utf8_bin DEFAULT NULL,
  `TASK_ID_` varchar(64) COLLATE utf8_bin DEFAULT NULL,
  `PROC_INST_ID_` varchar(64) COLLATE utf8_bin DEFAULT NULL,
  `PROC_DEF_ID_` varchar(64) COLLATE utf8_bin DEFAULT NULL,
  PRIMARY KEY (`ID_`),
  KEY `ACT_IDX_IDENT_LNK_USER` (`USER_ID_`),
  KEY `ACT_IDX_IDENT_LNK_GROUP` (`GROUP_ID_`),
  KEY `ACT_IDX_ATHRZ_PROCEDEF` (`PROC_DEF_ID_`),
  KEY `ACT_FK_TSKASS_TASK` (`TASK_ID_`),
  KEY `ACT_FK_IDL_PROCINST` (`PROC_INST_ID_`),
  CONSTRAINT `ACT_FK_ATHRZ_PROCEDEF` FOREIGN KEY (`PROC_DEF_ID_`) REFERENCES `act_re_procdef` (`ID_`),
  CONSTRAINT `ACT_FK_IDL_PROCINST` FOREIGN KEY (`PROC_INST_ID_`) REFERENCES `act_ru_execution` (`ID_`),
  CONSTRAINT `ACT_FK_TSKASS_TASK` FOREIGN KEY (`TASK_ID_`) REFERENCES `act_ru_task` (`ID_`)
) ENGINE=InnoDB DEFAULT CHARSET=utf8 COLLATE=utf8_bin;

-- ----------------------------
-- Records of act_ru_identitylink
-- ----------------------------
INSERT INTO `act_ru_identitylink` VALUES ('1508', '1', '业务员', 'candidate', null, '1507', null, null);
INSERT INTO `act_ru_identitylink` VALUES ('1516', '1', '业务员', 'candidate', null, '1515', null, null);
INSERT INTO `act_ru_identitylink` VALUES ('1524', '1', '业务员', 'candidate', null, '1523', null, null);
INSERT INTO `act_ru_identitylink` VALUES ('1534', '1', '业务员', 'candidate', null, '1533', null, null);
INSERT INTO `act_ru_identitylink` VALUES ('1542', '1', '业务员', 'candidate', null, '1541', null, null);
INSERT INTO `act_ru_identitylink` VALUES ('1574', '1', '业务员', 'candidate', null, '1573', null, null);
INSERT INTO `act_ru_identitylink` VALUES ('1710', '1', null, 'participant', '4028865d5c8677c3015c86cf76f70002', null, '1551', null);
INSERT INTO `act_ru_identitylink` VALUES ('1801', '1', null, 'participant', '4028865d5c8677c3015c86cf76f70002', null, '1559', null);
INSERT INTO `act_ru_identitylink` VALUES ('1901', '1', null, 'participant', '4028865d5c8677c3015c86cf76f70002', null, '1543', null);
INSERT INTO `act_ru_identitylink` VALUES ('2003', '1', '取派员', 'candidate', null, '2002', null, null);
INSERT INTO `act_ru_identitylink` VALUES ('2103', '1', '取派员', 'candidate', null, '2102', null, null);
INSERT INTO `act_ru_identitylink` VALUES ('2106', '1', '取派员', 'candidate', null, '2105', null, null);
INSERT INTO `act_ru_identitylink` VALUES ('2216', '1', '业务员', 'candidate', null, '2215', null, null);
INSERT INTO `act_ru_identitylink` VALUES ('2224', '1', '业务员', 'candidate', null, '2223', null, null);
INSERT INTO `act_ru_identitylink` VALUES ('2225', '1', null, 'participant', '4028865d5c8677c3015c86cf76f70002', null, '2201', null);
INSERT INTO `act_ru_identitylink` VALUES ('2230', '1', '仓库管理员', 'candidate', null, '2229', null, null);
INSERT INTO `act_ru_identitylink` VALUES ('2231', '1', null, 'participant', '4028865d5c8677c3015c86cf76f70002', null, '2209', null);
INSERT INTO `act_ru_identitylink` VALUES ('2232', '1', null, 'participant', '4028865d5c8677c3015c86cf76f70002', null, '2217', null);
INSERT INTO `act_ru_identitylink` VALUES ('2233', '1', null, 'participant', '4028865d5c8677c3015c86cf76f70002', null, '601', null);
INSERT INTO `act_ru_identitylink` VALUES ('316', '1', '业务员', 'candidate', null, '315', null, null);
INSERT INTO `act_ru_identitylink` VALUES ('909', '1', '取派员', 'candidate', null, '908', null, null);
INSERT INTO `act_ru_identitylink` VALUES ('914', '1', '仓库管理员', 'candidate', null, '913', null, null);

-- ----------------------------
-- Table structure for act_ru_job
-- ----------------------------
DROP TABLE IF EXISTS `act_ru_job`;
CREATE TABLE `act_ru_job` (
  `ID_` varchar(64) COLLATE utf8_bin NOT NULL,
  `REV_` int(11) DEFAULT NULL,
  `TYPE_` varchar(255) COLLATE utf8_bin NOT NULL,
  `LOCK_EXP_TIME_` timestamp NULL DEFAULT NULL,
  `LOCK_OWNER_` varchar(255) COLLATE utf8_bin DEFAULT NULL,
  `EXCLUSIVE_` tinyint(1) DEFAULT NULL,
  `EXECUTION_ID_` varchar(64) COLLATE utf8_bin DEFAULT NULL,
  `PROCESS_INSTANCE_ID_` varchar(64) COLLATE utf8_bin DEFAULT NULL,
  `PROC_DEF_ID_` varchar(64) COLLATE utf8_bin DEFAULT NULL,
  `RETRIES_` int(11) DEFAULT NULL,
  `EXCEPTION_STACK_ID_` varchar(64) COLLATE utf8_bin DEFAULT NULL,
  `EXCEPTION_MSG_` varchar(4000) COLLATE utf8_bin DEFAULT NULL,
  `DUEDATE_` timestamp NULL DEFAULT NULL,
  `REPEAT_` varchar(255) COLLATE utf8_bin DEFAULT NULL,
  `HANDLER_TYPE_` varchar(255) COLLATE utf8_bin DEFAULT NULL,
  `HANDLER_CFG_` varchar(4000) COLLATE utf8_bin DEFAULT NULL,
  PRIMARY KEY (`ID_`),
  KEY `ACT_FK_JOB_EXCEPTION` (`EXCEPTION_STACK_ID_`),
  CONSTRAINT `ACT_FK_JOB_EXCEPTION` FOREIGN KEY (`EXCEPTION_STACK_ID_`) REFERENCES `act_ge_bytearray` (`ID_`)
) ENGINE=InnoDB DEFAULT CHARSET=utf8 COLLATE=utf8_bin;

-- ----------------------------
-- Records of act_ru_job
-- ----------------------------

-- ----------------------------
-- Table structure for act_ru_task
-- ----------------------------
DROP TABLE IF EXISTS `act_ru_task`;
CREATE TABLE `act_ru_task` (
  `ID_` varchar(64) COLLATE utf8_bin NOT NULL DEFAULT '',
  `REV_` int(11) DEFAULT NULL,
  `EXECUTION_ID_` varchar(64) COLLATE utf8_bin DEFAULT NULL,
  `PROC_INST_ID_` varchar(64) COLLATE utf8_bin DEFAULT NULL,
  `PROC_DEF_ID_` varchar(64) COLLATE utf8_bin DEFAULT NULL,
  `NAME_` varchar(255) COLLATE utf8_bin DEFAULT NULL,
  `PARENT_TASK_ID_` varchar(64) COLLATE utf8_bin DEFAULT NULL,
  `DESCRIPTION_` varchar(4000) COLLATE utf8_bin DEFAULT NULL,
  `TASK_DEF_KEY_` varchar(255) COLLATE utf8_bin DEFAULT NULL,
  `OWNER_` varchar(255) COLLATE utf8_bin DEFAULT NULL,
  `ASSIGNEE_` varchar(255) COLLATE utf8_bin DEFAULT NULL,
  `DELEGATION_` varchar(64) COLLATE utf8_bin DEFAULT NULL,
  `PRIORITY_` int(11) DEFAULT NULL,
  `CREATE_TIME_` timestamp NOT NULL DEFAULT CURRENT_TIMESTAMP ON UPDATE CURRENT_TIMESTAMP,
  `DUE_DATE_` datetime DEFAULT NULL,
  `SUSPENSION_STATE_` int(11) DEFAULT NULL,
  PRIMARY KEY (`ID_`),
  KEY `ACT_IDX_TASK_CREATE` (`CREATE_TIME_`),
  KEY `ACT_FK_TASK_EXE` (`EXECUTION_ID_`),
  KEY `ACT_FK_TASK_PROCINST` (`PROC_INST_ID_`),
  KEY `ACT_FK_TASK_PROCDEF` (`PROC_DEF_ID_`),
  CONSTRAINT `ACT_FK_TASK_EXE` FOREIGN KEY (`EXECUTION_ID_`) REFERENCES `act_ru_execution` (`ID_`),
  CONSTRAINT `ACT_FK_TASK_PROCDEF` FOREIGN KEY (`PROC_DEF_ID_`) REFERENCES `act_re_procdef` (`ID_`),
  CONSTRAINT `ACT_FK_TASK_PROCINST` FOREIGN KEY (`PROC_INST_ID_`) REFERENCES `act_ru_execution` (`ID_`)
) ENGINE=InnoDB DEFAULT CHARSET=utf8 COLLATE=utf8_bin;

-- ----------------------------
-- Records of act_ru_task
-- ----------------------------
INSERT INTO `act_ru_task` VALUES ('1507', '2', '1501', '1501', 'transfer:2:704', '审核工作单', null, null, 'checkWorkOrderManage', null, '4028865d5c8677c3015c86d011fe0003', null, '50', '2017-06-16 20:21:03', null, '1');
INSERT INTO `act_ru_task` VALUES ('1515', '2', '1509', '1509', 'transfer:2:704', '审核工作单', null, null, 'checkWorkOrderManage', null, '4028865d5c8677c3015c86d011fe0003', null, '50', '2017-06-16 20:21:14', null, '1');
INSERT INTO `act_ru_task` VALUES ('1523', '2', '1517', '1517', 'transfer:2:704', '审核工作单', null, null, 'checkWorkOrderManage', null, '4028865d5c8677c3015c86d011fe0003', null, '50', '2017-06-16 20:31:27', null, '1');
INSERT INTO `act_ru_task` VALUES ('1533', '2', '1527', '1527', 'transfer:2:704', '审核工作单', null, null, 'checkWorkOrderManage', null, '4028865d5c8677c3015c86d011fe0003', null, '50', '2017-06-16 20:39:26', null, '1');
INSERT INTO `act_ru_task` VALUES ('1541', '2', '1535', '1535', 'transfer:2:704', '审核工作单', null, null, 'checkWorkOrderManage', null, '4028865d5c8677c3015c86d011fe0003', null, '50', '2017-06-16 20:39:29', null, '1');
INSERT INTO `act_ru_task` VALUES ('1573', '2', '1567', '1567', 'transfer:2:704', '审核工作单', null, null, 'checkWorkOrderManage', null, '4028865d5c8677c3015c86d011fe0003', null, '50', '2017-06-16 20:39:40', null, '1');
INSERT INTO `act_ru_task` VALUES ('2002', '1', '1543', '1543', 'transfer:2:704', '配送签收', null, null, 'receive', null, null, null, '50', '2017-06-17 13:45:22', null, '1');
INSERT INTO `act_ru_task` VALUES ('2102', '2', '1551', '1551', 'transfer:2:704', '配送签收', null, null, 'receive', null, '4028865d5c8677c3015c86cf76f70002', null, '50', '2017-06-17 13:47:09', null, '1');
INSERT INTO `act_ru_task` VALUES ('2105', '1', '1559', '1559', 'transfer:2:704', '配送签收', null, null, 'receive', null, null, null, '50', '2017-06-17 13:47:42', null, '1');
INSERT INTO `act_ru_task` VALUES ('2215', '2', '2209', '2209', 'transfer:2:704', '审核工作单', null, null, 'checkWorkOrderManage', null, '4028865d5c8677c3015c86cf76f70002', null, '50', '2017-06-17 13:50:35', null, '1');
INSERT INTO `act_ru_task` VALUES ('2223', '2', '2217', '2217', 'transfer:2:704', '审核工作单', null, null, 'checkWorkOrderManage', null, '4028865d5c8677c3015c86cf76f70002', null, '50', '2017-06-17 13:50:37', null, '1');
INSERT INTO `act_ru_task` VALUES ('2229', '2', '2201', '2201', 'transfer:2:704', '货物出库', null, null, 'outStore', null, '4028865d5c8677c3015c86cf76f70002', null, '50', '2017-06-17 13:50:58', null, '1');
INSERT INTO `act_ru_task` VALUES ('315', '2', '309', '309', 'transfer:1:308', '审核工作单', null, null, 'checkWorkOrderManage', null, '4028865d5c5c95d2015c5ceb02e20001', null, '50', '2017-05-31 10:29:05', null, '1');
INSERT INTO `act_ru_task` VALUES ('908', '2', '601', '601', 'transfer:1:308', '货物配送', null, null, 'transferGoods', null, '4028865d5c8677c3015c86cf76f70002', null, '50', '2017-06-08 08:31:47', null, '1');
INSERT INTO `act_ru_task` VALUES ('913', '1', '801', '801', 'transfer:2:704', '货物出库', null, null, 'outStore', null, null, null, '50', '2017-06-08 08:32:00', null, '1');

-- ----------------------------
-- Table structure for act_ru_variable
-- ----------------------------
DROP TABLE IF EXISTS `act_ru_variable`;
CREATE TABLE `act_ru_variable` (
  `ID_` varchar(64) COLLATE utf8_bin NOT NULL,
  `REV_` int(11) DEFAULT NULL,
  `TYPE_` varchar(255) COLLATE utf8_bin NOT NULL,
  `NAME_` varchar(255) COLLATE utf8_bin NOT NULL,
  `EXECUTION_ID_` varchar(64) COLLATE utf8_bin DEFAULT NULL,
  `PROC_INST_ID_` varchar(64) COLLATE utf8_bin DEFAULT NULL,
  `TASK_ID_` varchar(64) COLLATE utf8_bin DEFAULT NULL,
  `BYTEARRAY_ID_` varchar(64) COLLATE utf8_bin DEFAULT NULL,
  `DOUBLE_` double DEFAULT NULL,
  `LONG_` bigint(20) DEFAULT NULL,
  `TEXT_` varchar(4000) COLLATE utf8_bin DEFAULT NULL,
  `TEXT2_` varchar(4000) COLLATE utf8_bin DEFAULT NULL,
  PRIMARY KEY (`ID_`),
  KEY `ACT_IDX_VARIABLE_TASK_ID` (`TASK_ID_`),
  KEY `ACT_FK_VAR_EXE` (`EXECUTION_ID_`),
  KEY `ACT_FK_VAR_PROCINST` (`PROC_INST_ID_`),
  KEY `ACT_FK_VAR_BYTEARRAY` (`BYTEARRAY_ID_`),
  CONSTRAINT `ACT_FK_VAR_BYTEARRAY` FOREIGN KEY (`BYTEARRAY_ID_`) REFERENCES `act_ge_bytearray` (`ID_`),
  CONSTRAINT `ACT_FK_VAR_EXE` FOREIGN KEY (`EXECUTION_ID_`) REFERENCES `act_ru_execution` (`ID_`),
  CONSTRAINT `ACT_FK_VAR_PROCINST` FOREIGN KEY (`PROC_INST_ID_`) REFERENCES `act_ru_execution` (`ID_`)
) ENGINE=InnoDB DEFAULT CHARSET=utf8 COLLATE=utf8_bin;

-- ----------------------------
-- Records of act_ru_variable
-- ----------------------------
INSERT INTO `act_ru_variable` VALUES ('1504', '1', 'serializable', '业务数据', '1501', '1501', null, '1503', null, null, null, null);
INSERT INTO `act_ru_variable` VALUES ('1512', '1', 'serializable', '业务数据', '1509', '1509', null, '1511', null, null, null, null);
INSERT INTO `act_ru_variable` VALUES ('1520', '1', 'serializable', '业务数据', '1517', '1517', null, '1519', null, null, null, null);
INSERT INTO `act_ru_variable` VALUES ('1530', '1', 'serializable', '业务数据', '1527', '1527', null, '1529', null, null, null, null);
INSERT INTO `act_ru_variable` VALUES ('1538', '1', 'serializable', '业务数据', '1535', '1535', null, '1537', null, null, null, null);
INSERT INTO `act_ru_variable` VALUES ('1546', '1', 'serializable', '业务数据', '1543', '1543', null, '1545', null, null, null, null);
INSERT INTO `act_ru_variable` VALUES ('1554', '1', 'serializable', '业务数据', '1551', '1551', null, '1553', null, null, null, null);
INSERT INTO `act_ru_variable` VALUES ('1562', '1', 'serializable', '业务数据', '1559', '1559', null, '1561', null, null, null, null);
INSERT INTO `act_ru_variable` VALUES ('1570', '1', 'serializable', '业务数据', '1567', '1567', null, '1569', null, null, null, null);
INSERT INTO `act_ru_variable` VALUES ('1701', '1', 'string', 'check', '1543', '1543', null, null, null, null, '1', null);
INSERT INTO `act_ru_variable` VALUES ('1711', '1', 'string', 'check', '1551', '1551', null, null, null, null, '1', null);
INSERT INTO `act_ru_variable` VALUES ('1802', '1', 'string', 'check', '1559', '1559', null, null, null, null, '1', null);
INSERT INTO `act_ru_variable` VALUES ('2204', '1', 'serializable', '业务数据', '2201', '2201', null, '2203', null, null, null, null);
INSERT INTO `act_ru_variable` VALUES ('2212', '1', 'serializable', '业务数据', '2209', '2209', null, '2211', null, null, null, null);
INSERT INTO `act_ru_variable` VALUES ('2220', '1', 'serializable', '业务数据', '2217', '2217', null, '2219', null, null, null, null);
INSERT INTO `act_ru_variable` VALUES ('2226', '1', 'string', 'check', '2201', '2201', null, null, null, null, '1', null);
INSERT INTO `act_ru_variable` VALUES ('312', '1', 'serializable', '业务数据', '309', '309', null, '311', null, null, null, null);
INSERT INTO `act_ru_variable` VALUES ('604', '1', 'serializable', '业务数据', '601', '601', null, '603', null, null, null, null);
INSERT INTO `act_ru_variable` VALUES ('804', '1', 'serializable', '业务数据', '801', '801', null, '803', null, null, null, null);
INSERT INTO `act_ru_variable` VALUES ('901', '1', 'string', 'check', '601', '601', null, null, null, null, '1', null);
INSERT INTO `act_ru_variable` VALUES ('910', '1', 'string', 'check', '801', '801', null, null, null, null, '0', null);

-- ----------------------------
-- Table structure for auth_function
-- ----------------------------
DROP TABLE IF EXISTS `auth_function`;
CREATE TABLE `auth_function` (
  `id` varchar(32) NOT NULL,
  `name` varchar(255) DEFAULT NULL,
  `code` varchar(255) DEFAULT NULL,
  `description` varchar(255) DEFAULT NULL,
  `page` varchar(255) DEFAULT NULL,
  `generatemenu` varchar(255) DEFAULT NULL,
  `zindex` int(11) DEFAULT NULL,
  `pid` varchar(32) DEFAULT NULL,
  PRIMARY KEY (`id`),
  KEY `AK_Key_2` (`name`),
  KEY `FK_Reference_1` (`pid`),
  CONSTRAINT `FK_Reference_1` FOREIGN KEY (`pid`) REFERENCES `auth_function` (`id`)
) ENGINE=InnoDB DEFAULT CHARSET=utf8;

-- ----------------------------
-- Records of auth_function
-- ----------------------------
INSERT INTO `auth_function` VALUES ('11', '基础档案', 'jichudangan', null, null, '1', '0', null);
INSERT INTO `auth_function` VALUES ('113', '取派员设置', 'staff', null, 'page_base_staff.action', '1', '2', '11');
INSERT INTO `auth_function` VALUES ('114', '区域设置', 'region', null, 'page_base_region.action', '1', '3', '11');
INSERT INTO `auth_function` VALUES ('115', '管理分区', 'subarea', null, 'page_base_subarea.action', '1', '4', '11');
INSERT INTO `auth_function` VALUES ('116', '管理定区/调度排班', 'decidedzone', null, 'page_base_decidedzone.action', '1', '5', '11');
INSERT INTO `auth_function` VALUES ('12', '受理', 'shouli', null, null, '1', '1', null);
INSERT INTO `auth_function` VALUES ('121', '业务受理', 'noticebill', null, 'page_qupai_noticebill_add.action', '1', '0', '12');
INSERT INTO `auth_function` VALUES ('122', '工作单快速录入', 'quickworkordermanage', null, 'page_qupai_quickworkorder.action', '1', '1', '12');
INSERT INTO `auth_function` VALUES ('124', '工作单导入', 'workordermanageimport', null, 'page_qupai_workorderimport.action', '1', '3', '12');
INSERT INTO `auth_function` VALUES ('13', '调度', 'diaodu', null, null, '1', '2', null);
INSERT INTO `auth_function` VALUES ('132', '人工调度', 'personalassign', null, 'page_qupai_diaodu.action', '1', '1', '13');
INSERT INTO `auth_function` VALUES ('14', '物流配送流程管理', 'zhongzhuan', null, null, '1', '3', null);
INSERT INTO `auth_function` VALUES ('141', '启动配送流程', 'start', null, 'workordermanageAction_list.action', '1', '0', '14');
INSERT INTO `auth_function` VALUES ('142', '查看个人任务', 'personaltask', null, 'taskAction_findPersonalTask.action', '1', '1', '14');
INSERT INTO `auth_function` VALUES ('143', '查看我的组任务', 'grouptask', null, 'taskAction_findGroupTask.action', '1', '2', '14');
INSERT INTO `auth_function` VALUES ('15', '系统管理', 'sysmanage', null, null, '0', '4', null);
INSERT INTO `auth_function` VALUES ('151', '用户管理', 'usermanage', null, 'page_admin_userindex.action', '0', '1', '15');
INSERT INTO `auth_function` VALUES ('152', '功能权限管理', 'functionmanage', null, 'page_admin_function.action', '0', '2', '15');
INSERT INTO `auth_function` VALUES ('153', '角色管理', 'rolemanage', null, 'page_admin_role.action', '0', '3', '15');
INSERT INTO `auth_function` VALUES ('154', '流程定义管理', 'processdefinition', null, 'processDefinitionAction_list.action', '0', '4', '15');
INSERT INTO `auth_function` VALUES ('155', '查看正在运行的流程实例', 'processinstance', null, 'processInstanceAction_list.action', '0', '5', '15');
INSERT INTO `auth_function` VALUES ('16', '生成系统菜单', 'sysgenerate', null, null, '0', '5', null);

-- ----------------------------
-- Table structure for auth_role
-- ----------------------------
DROP TABLE IF EXISTS `auth_role`;
CREATE TABLE `auth_role` (
  `id` varchar(32) NOT NULL,
  `name` varchar(255) DEFAULT NULL,
  `code` varchar(255) DEFAULT NULL,
  `description` varchar(255) DEFAULT NULL,
  PRIMARY KEY (`id`),
  KEY `AK_Key_2` (`name`)
) ENGINE=InnoDB DEFAULT CHARSET=utf8;

-- ----------------------------
-- Records of auth_role
-- ----------------------------
INSERT INTO `auth_role` VALUES ('10', '管理员', null, '');
INSERT INTO `auth_role` VALUES ('20', '业务员', null, '');
INSERT INTO `auth_role` VALUES ('30', '仓库管理员', null, '');
INSERT INTO `auth_role` VALUES ('40', '取派员', null, '');

-- ----------------------------
-- Table structure for bc_decidedzone
-- ----------------------------
DROP TABLE IF EXISTS `bc_decidedzone`;
CREATE TABLE `bc_decidedzone` (
  `id` varchar(32) NOT NULL,
  `name` varchar(30) DEFAULT NULL,
  `staff_id` varchar(32) DEFAULT NULL,
  PRIMARY KEY (`id`),
  KEY `FK_decidedzone_staff` (`staff_id`),
  CONSTRAINT `FK_decidedzone_staff` FOREIGN KEY (`staff_id`) REFERENCES `bc_staff` (`id`) ON DELETE SET NULL ON UPDATE CASCADE
) ENGINE=InnoDB DEFAULT CHARSET=utf8;

-- ----------------------------
-- Records of bc_decidedzone
-- ----------------------------
INSERT INTO `bc_decidedzone` VALUES ('DQ1111', '园区一部', '402803815cabbdb5015cabcdf9cc0004');
INSERT INTO `bc_decidedzone` VALUES ('DQ2222', '市区一部', '402803815cabbdb5015cabcd64120003');

-- ----------------------------
-- Table structure for bc_region
-- ----------------------------
DROP TABLE IF EXISTS `bc_region`;
CREATE TABLE `bc_region` (
  `id` varchar(32) NOT NULL,
  `province` varchar(50) DEFAULT NULL,
  `city` varchar(50) DEFAULT NULL,
  `district` varchar(50) DEFAULT NULL,
  `postcode` varchar(50) DEFAULT NULL,
  `shortcode` varchar(30) DEFAULT NULL,
  `citycode` varchar(30) DEFAULT NULL,
  PRIMARY KEY (`id`)
) ENGINE=InnoDB DEFAULT CHARSET=utf8;

-- ----------------------------
-- Records of bc_region
-- ----------------------------
INSERT INTO `bc_region` VALUES ('QY001', '江苏省', '苏州市', '工业园区', '123434', 'JSSZGYY', 'suzhou');
INSERT INTO `bc_region` VALUES ('QY002', '江苏省', '北京市', '吴中区', '123434', 'JSBJWZ', 'beijing');
INSERT INTO `bc_region` VALUES ('QY003', '江苏省', '北京市', '姑苏区', '123435', 'JSBJGS', 'beijing');
INSERT INTO `bc_region` VALUES ('QY004', '江苏省', '北京市', '新区', '123436', 'JSBJX', 'beijing');
INSERT INTO `bc_region` VALUES ('QY005', '江苏省', '北京市', '相城区', '123437', 'JSBJXC', 'beijing');
INSERT INTO `bc_region` VALUES ('QY006', '江苏省', '北京市', '吴江区', '123438', 'JSBJWJ', 'beijing');
INSERT INTO `bc_region` VALUES ('QY007', '江苏省', '北京市', '昆山市', '123439', 'JSBJKS', 'beijing');
INSERT INTO `bc_region` VALUES ('QY008', '江苏省', '北京市', '张家港', '123440', 'JSBJZJ', 'beijing');
INSERT INTO `bc_region` VALUES ('QY009', '江苏省', '北京市', '太仓市', '123441', 'JSBJTC', 'beijing');
INSERT INTO `bc_region` VALUES ('QY010', '江苏省', '北京市', '常熟市', '123442', 'JSBJCS', 'beijing');

-- ----------------------------
-- Table structure for bc_staff
-- ----------------------------
DROP TABLE IF EXISTS `bc_staff`;
CREATE TABLE `bc_staff` (
  `id` varchar(32) NOT NULL,
  `name` varchar(20) DEFAULT NULL,
  `telephone` varchar(20) DEFAULT NULL,
  `haspda` char(1) DEFAULT NULL,
  `deltag` char(1) DEFAULT NULL,
  `station` varchar(40) DEFAULT NULL,
  `standard` varchar(100) DEFAULT NULL,
  PRIMARY KEY (`id`)
) ENGINE=InnoDB DEFAULT CHARSET=utf8;

-- ----------------------------
-- Records of bc_staff
-- ----------------------------
INSERT INTO `bc_staff` VALUES ('402803815cabbdb5015cabcd64120003', '张三', '13899993333', '0', '0', '总部', '普通');
INSERT INTO `bc_staff` VALUES ('402803815cabbdb5015cabcdf9cc0004', '李四', '13800006666', '0', '0', '园区分部', '普通');

-- ----------------------------
-- Table structure for bc_subarea
-- ----------------------------
DROP TABLE IF EXISTS `bc_subarea`;
CREATE TABLE `bc_subarea` (
  `id` varchar(32) NOT NULL,
  `decidedzone_id` varchar(32) DEFAULT NULL,
  `region_id` varchar(32) DEFAULT NULL,
  `addresskey` varchar(100) DEFAULT NULL,
  `startnum` varchar(30) DEFAULT NULL,
  `endnum` varchar(30) DEFAULT NULL,
  `single` char(1) DEFAULT NULL,
  `position` varchar(255) DEFAULT NULL,
  `subareaId` varchar(255) DEFAULT NULL,
  PRIMARY KEY (`id`),
  KEY `FK_area_decidedzone` (`decidedzone_id`),
  KEY `FK_area_region` (`region_id`),
  CONSTRAINT `FK_area_decidedzone` FOREIGN KEY (`decidedzone_id`) REFERENCES `bc_decidedzone` (`id`) ON DELETE SET NULL ON UPDATE CASCADE,
  CONSTRAINT `FK_area_region` FOREIGN KEY (`region_id`) REFERENCES `bc_region` (`id`) ON DELETE SET NULL ON UPDATE CASCADE
) ENGINE=InnoDB DEFAULT CHARSET=utf8;

-- ----------------------------
-- Records of bc_subarea
-- ----------------------------
INSERT INTO `bc_subarea` VALUES ('402803815cabbdb5015cabcad25f0000', null, 'QY001', '园区一队', '1', '3', '0', '阳澄湖到钟南街', 'FQ111');
INSERT INTO `bc_subarea` VALUES ('402803815cabbdb5015cabcb799f0001', null, 'QY001', '园区二队', '3', '6', '2', '钟南街到金鸡湖', 'FQ222');
INSERT INTO `bc_subarea` VALUES ('402803815cabbdb5015cabcc10ab0002', null, 'QY003', '市区一队', '6', '9', '0', '古城区', 'FQ333');
INSERT INTO `bc_subarea` VALUES ('402803815cb0ef48015cb12631230000', null, 'QY002', '吴中一部', '4', '7', '0', '吴中区', 'FQ4444');

-- ----------------------------
-- Table structure for qp_noticebill
-- ----------------------------
DROP TABLE IF EXISTS `qp_noticebill`;
CREATE TABLE `qp_noticebill` (
  `id` varchar(32) NOT NULL,
  `staff_id` varchar(32) DEFAULT NULL,
  `customer_id` varchar(32) DEFAULT NULL,
  `customer_name` varchar(20) DEFAULT NULL,
  `delegater` varchar(20) DEFAULT NULL,
  `telephone` varchar(20) DEFAULT NULL,
  `pickaddress` varchar(200) DEFAULT NULL,
  `arrivecity` varchar(20) DEFAULT NULL,
  `product` varchar(20) DEFAULT NULL,
  `pickdate` date DEFAULT NULL,
  `num` int(11) DEFAULT NULL,
  `weight` double DEFAULT NULL,
  `volume` varchar(20) DEFAULT NULL,
  `remark` varchar(255) DEFAULT NULL,
  `ordertype` varchar(20) DEFAULT NULL,
  `user_id` varchar(32) DEFAULT NULL,
  `customerId` varchar(255) DEFAULT NULL,
  `customerName` varchar(255) DEFAULT NULL,
  PRIMARY KEY (`id`),
  KEY `FK_Reference_30` (`staff_id`),
  KEY `qp_noticebill_ibfk_1` (`user_id`),
  CONSTRAINT `FK_Reference_30` FOREIGN KEY (`staff_id`) REFERENCES `bc_staff` (`id`) ON DELETE SET NULL ON UPDATE CASCADE,
  CONSTRAINT `qp_noticebill_ibfk_1` FOREIGN KEY (`user_id`) REFERENCES `t_user` (`id`) ON DELETE SET NULL ON UPDATE CASCADE
) ENGINE=InnoDB DEFAULT CHARSET=utf8;

-- ----------------------------
-- Records of qp_noticebill
-- ----------------------------
INSERT INTO `qp_noticebill` VALUES ('402803815cb0d2f1015cb0d6b4460001', '402803815cabbdb5015cabcdf9cc0004', null, null, '赵六', '13612326234', '高铁站', '北京', '', '2017-06-28', null, null, '', '', '自动', '4028865d5c8677c3015c86cf76f70002', '4', '赵六');

-- ----------------------------
-- Table structure for qp_workbill
-- ----------------------------
DROP TABLE IF EXISTS `qp_workbill`;
CREATE TABLE `qp_workbill` (
  `id` varchar(32) NOT NULL,
  `noticebill_id` varchar(32) DEFAULT NULL,
  `type` varchar(20) DEFAULT NULL,
  `pickstate` varchar(20) DEFAULT NULL,
  `buildtime` timestamp NOT NULL DEFAULT CURRENT_TIMESTAMP ON UPDATE CURRENT_TIMESTAMP,
  `attachbilltimes` int(11) DEFAULT NULL,
  `remark` varchar(255) DEFAULT NULL,
  `staff_id` varchar(32) DEFAULT NULL,
  PRIMARY KEY (`id`),
  KEY `FK_Reference_40` (`staff_id`),
  KEY `FK_workbill_noticebill_fk_50` (`noticebill_id`),
  CONSTRAINT `FK_Reference_40` FOREIGN KEY (`staff_id`) REFERENCES `bc_staff` (`id`) ON DELETE SET NULL ON UPDATE CASCADE,
  CONSTRAINT `FK_workbill_noticebill_fk_50` FOREIGN KEY (`noticebill_id`) REFERENCES `qp_noticebill` (`id`) ON DELETE SET NULL ON UPDATE CASCADE
) ENGINE=InnoDB DEFAULT CHARSET=utf8;

-- ----------------------------
-- Records of qp_workbill
-- ----------------------------
INSERT INTO `qp_workbill` VALUES ('402803815cb0d2f1015cb0d6b3a10000', '402803815cb0d2f1015cb0d6b4460001', '新单', '未取件', '2017-06-16 20:17:59', '0', '', '402803815cabbdb5015cabcdf9cc0004');

-- ----------------------------
-- Table structure for qp_workordermanage
-- ----------------------------
DROP TABLE IF EXISTS `qp_workordermanage`;
CREATE TABLE `qp_workordermanage` (
  `id` varchar(32) NOT NULL,
  `arrivecity` varchar(20) DEFAULT NULL,
  `product` varchar(20) DEFAULT NULL,
  `num` int(11) DEFAULT NULL,
  `weight` double DEFAULT NULL,
  `floadreqr` varchar(255) DEFAULT NULL,
  `prodtimelimit` varchar(40) DEFAULT NULL,
  `prodtype` varchar(40) DEFAULT NULL,
  `sendername` varchar(20) DEFAULT NULL,
  `senderphone` varchar(20) DEFAULT NULL,
  `senderaddr` varchar(200) DEFAULT NULL,
  `receivername` varchar(20) DEFAULT NULL,
  `receiverphone` varchar(20) DEFAULT NULL,
  `receiveraddr` varchar(200) DEFAULT NULL,
  `feeitemnum` int(11) DEFAULT NULL,
  `actlweit` double DEFAULT NULL,
  `vol` varchar(20) DEFAULT NULL,
  `managerCheck` varchar(1) DEFAULT NULL,
  `updatetime` date DEFAULT NULL,
  `start` varchar(255) DEFAULT NULL,
  PRIMARY KEY (`id`)
) ENGINE=InnoDB DEFAULT CHARSET=utf8;

-- ----------------------------
-- Records of qp_workordermanage
-- ----------------------------
INSERT INTO `qp_workordermanage` VALUES ('00001', '苏州', '鼠标', '1', '1', '2', '7天', '电子产品', '张三', '18612345678', '苏州工业园区', '李四', '18612345678', '苏州新区', '1', '1', '2', '0', '2017-06-05', '1');
INSERT INTO `qp_workordermanage` VALUES ('00002', '苏州', '鼠标', '2', '2', '2', '7天', '电子产品', '张三', '18612345678', '苏州工业园区', '李四', '18612345678', '苏州新区', '1', '2', '2', '0', '2017-06-05', '1');
INSERT INTO `qp_workordermanage` VALUES ('00003', '苏州', '鼠标', '3', '3', '2', '7天', '电子产品', '张三', '18612345678', '苏州工业园区', '李四', '18612345678', '苏州新区', '1', '3', '2', '0', '2017-06-05', '1');
INSERT INTO `qp_workordermanage` VALUES ('00004', '苏州', '鼠标', '4', '4', '2', '7天', '电子产品', '张三', '18612345678', '苏州工业园区', '李四', '18612345678', '苏州新区', '1', '4', '2', '0', '2017-06-05', '1');
INSERT INTO `qp_workordermanage` VALUES ('00005', '苏州', '鼠标', '5', '5', '2', '7天', '电子产品', '张三', '18612345678', '苏州工业园区', '李四', '18612345678', '苏州新区', '1', '5', '2', '0', '2017-06-05', '1');
INSERT INTO `qp_workordermanage` VALUES ('00006', '苏州', '鼠标', '6', '6', '2', '7天', '电子产品', '张三', '18612345678', '苏州工业园区', '李四', '18612345678', '苏州新区', '1', '6', '2', '0', '2017-06-05', '1');
INSERT INTO `qp_workordermanage` VALUES ('00007', '苏州', '鼠标', '7', '7', '2', '7天', '电子产品', '张三', '18612345678', '苏州工业园区', '李四', '18612345678', '苏州新区', '1', '7', '2', '0', '2017-06-05', '1');
INSERT INTO `qp_workordermanage` VALUES ('00008', '苏州', '鼠标', '8', '8', '2', '7天', '电子产品', '张三', '18612345678', '苏州工业园区', '李四', '18612345678', '苏州新区', '1', '8', '2', '0', '2017-06-05', '1');
INSERT INTO `qp_workordermanage` VALUES ('00009', '苏州', '鼠标', '9', '9', '2', '7天', '电子产品', '张三', '18612345678', '苏州工业园区', '李四', '18612345678', '苏州新区', '1', '9', '2', '0', '2017-06-05', '1');
INSERT INTO `qp_workordermanage` VALUES ('00010', '苏州', '鼠标', '10', '10', '2', '7天', '电子产品', '张三', '18612345678', '苏州工业园区', '李四', '18612345678', '苏州新区', '1', '10', '2', '0', '2017-06-05', '1');
INSERT INTO `qp_workordermanage` VALUES ('00011', '苏州', '鼠标', '11', '11', '2', '7天', '电子产品', '张三', '18612345678', '苏州工业园区', '李四', '18612345678', '苏州新区', '1', '11', '2', '0', '2017-06-05', '0');
INSERT INTO `qp_workordermanage` VALUES ('00012', '苏州', '鼠标', '12', '12', '2', '7天', '电子产品', '张三', '18612345678', '苏州工业园区', '李四', '18612345678', '苏州新区', '1', '12', '2', '0', '2017-06-05', '1');
INSERT INTO `qp_workordermanage` VALUES ('00013', '苏州', '鼠标', '13', '13', '2', '7天', '电子产品', '张三', '18612345678', '苏州工业园区', '李四', '18612345678', '苏州新区', '1', '13', '2', '0', '2017-06-05', '0');
INSERT INTO `qp_workordermanage` VALUES ('00014', '苏州', '鼠标', '14', '14', '2', '7天', '电子产品', '张三', '18612345678', '苏州工业园区', '李四', '18612345678', '苏州新区', '1', '14', '2', '0', '2017-06-05', '1');
INSERT INTO `qp_workordermanage` VALUES ('00015', '苏州', '鼠标', '15', '15', '2', '7天', '电子产品', '张三', '18612345678', '苏州工业园区', '李四', '18612345678', '苏州新区', '1', '15', '2', '0', '2017-06-05', '0');
INSERT INTO `qp_workordermanage` VALUES ('00016', '苏州', '鼠标', '16', '16', '2', '7天', '电子产品', '张三', '18612345678', '苏州工业园区', '李四', '18612345678', '苏州新区', '1', '16', '2', '0', '2017-06-05', '0');
INSERT INTO `qp_workordermanage` VALUES ('00017', '苏州', '鼠标', '17', '17', '2', '7天', '电子产品', '张三', '18612345678', '苏州工业园区', '李四', '18612345678', '苏州新区', '1', '17', '2', '0', '2017-06-05', '0');
INSERT INTO `qp_workordermanage` VALUES ('00018', '苏州', '鼠标', '18', '18', '2', '7天', '电子产品', '张三', '18612345678', '苏州工业园区', '李四', '18612345678', '苏州新区', '1', '18', '2', '0', '2017-06-05', '0');
INSERT INTO `qp_workordermanage` VALUES ('32321', '北京', '随便', '12', '21', '无', null, null, null, null, null, null, null, null, null, null, null, '0', '2017-06-16', '1');

-- ----------------------------
-- Table structure for role_function
-- ----------------------------
DROP TABLE IF EXISTS `role_function`;
CREATE TABLE `role_function` (
  `role_id` varchar(32) NOT NULL,
  `function_id` varchar(32) NOT NULL,
  PRIMARY KEY (`role_id`,`function_id`),
  KEY `FK1589498185671818` (`role_id`),
  KEY `FK158949819F4085D8` (`function_id`),
  CONSTRAINT `FK1589498185671818` FOREIGN KEY (`role_id`) REFERENCES `auth_role` (`id`),
  CONSTRAINT `FK158949819F4085D8` FOREIGN KEY (`function_id`) REFERENCES `auth_function` (`id`)
) ENGINE=InnoDB DEFAULT CHARSET=utf8;

-- ----------------------------
-- Records of role_function
-- ----------------------------
INSERT INTO `role_function` VALUES ('10', '11');
INSERT INTO `role_function` VALUES ('10', '113');
INSERT INTO `role_function` VALUES ('10', '114');
INSERT INTO `role_function` VALUES ('10', '115');
INSERT INTO `role_function` VALUES ('10', '116');
INSERT INTO `role_function` VALUES ('10', '12');
INSERT INTO `role_function` VALUES ('10', '121');
INSERT INTO `role_function` VALUES ('10', '122');
INSERT INTO `role_function` VALUES ('10', '124');
INSERT INTO `role_function` VALUES ('10', '13');
INSERT INTO `role_function` VALUES ('10', '132');
INSERT INTO `role_function` VALUES ('10', '14');
INSERT INTO `role_function` VALUES ('10', '141');
INSERT INTO `role_function` VALUES ('10', '142');
INSERT INTO `role_function` VALUES ('10', '143');
INSERT INTO `role_function` VALUES ('10', '15');
INSERT INTO `role_function` VALUES ('10', '151');
INSERT INTO `role_function` VALUES ('10', '152');
INSERT INTO `role_function` VALUES ('10', '153');
INSERT INTO `role_function` VALUES ('10', '154');
INSERT INTO `role_function` VALUES ('10', '155');
INSERT INTO `role_function` VALUES ('10', '16');
INSERT INTO `role_function` VALUES ('20', '11');
INSERT INTO `role_function` VALUES ('20', '116');
INSERT INTO `role_function` VALUES ('20', '12');
INSERT INTO `role_function` VALUES ('20', '121');
INSERT INTO `role_function` VALUES ('20', '122');
INSERT INTO `role_function` VALUES ('20', '124');
INSERT INTO `role_function` VALUES ('20', '13');
INSERT INTO `role_function` VALUES ('20', '132');
INSERT INTO `role_function` VALUES ('20', '14');
INSERT INTO `role_function` VALUES ('20', '141');
INSERT INTO `role_function` VALUES ('20', '142');
INSERT INTO `role_function` VALUES ('20', '143');
INSERT INTO `role_function` VALUES ('30', '14');
INSERT INTO `role_function` VALUES ('30', '142');
INSERT INTO `role_function` VALUES ('30', '143');
INSERT INTO `role_function` VALUES ('40', '14');
INSERT INTO `role_function` VALUES ('40', '142');
INSERT INTO `role_function` VALUES ('40', '143');

-- ----------------------------
-- Table structure for t_user
-- ----------------------------
DROP TABLE IF EXISTS `t_user`;
CREATE TABLE `t_user` (
  `id` varchar(32) NOT NULL,
  `username` varchar(20) DEFAULT NULL,
  `password` varchar(32) DEFAULT NULL,
  `name` varchar(32) DEFAULT NULL,
  `salary` double DEFAULT NULL,
  `birthday` date DEFAULT NULL,
  `gender` varchar(10) DEFAULT NULL,
  `station` varchar(40) DEFAULT NULL,
  `telephone` varchar(11) DEFAULT NULL,
  `remark` varchar(255) DEFAULT NULL,
  PRIMARY KEY (`id`)
) ENGINE=InnoDB DEFAULT CHARSET=utf8;

-- ----------------------------
-- Records of t_user
-- ----------------------------
INSERT INTO `t_user` VALUES ('4028865d5c8677c3015c86cf76f70002', 'admin', '21232f297a57a5a743894a0e4a801fc3', '管理员', '0', null, '', '', '13549848692', '');
INSERT INTO `t_user` VALUES ('4028865d5c8677c3015c86d011fe0003', 'yewuyuan', 'afb6cbdd9a4bd5d1f3fd3ec4566c2fdc', '业务员', null, null, '', '', '13549848692', '');
INSERT INTO `t_user` VALUES ('4028865d5c8677c3015c86d0d8b90004', 'cangkuguanliyuan', '9b308410ff886452883641b9dd6fc3b6', '仓库管理员', null, null, '', '', '13549848692', '');
INSERT INTO `t_user` VALUES ('4028865d5c8a4a47015c8a4c16420000', 'qupaiyuan', '825c7d71779bbff80ec44f37221c159e', '取派员', '0', null, '', '', '13549848692', '');

-- ----------------------------
-- Table structure for user_role
-- ----------------------------
DROP TABLE IF EXISTS `user_role`;
CREATE TABLE `user_role` (
  `user_id` varchar(32) NOT NULL,
  `role_id` varchar(32) NOT NULL,
  PRIMARY KEY (`user_id`,`role_id`),
  KEY `FK_Reference_5` (`role_id`),
  CONSTRAINT `FK_Reference_4` FOREIGN KEY (`user_id`) REFERENCES `t_user` (`id`),
  CONSTRAINT `FK_Reference_5` FOREIGN KEY (`role_id`) REFERENCES `auth_role` (`id`)
) ENGINE=InnoDB DEFAULT CHARSET=utf8;

-- ----------------------------
-- Records of user_role
-- ----------------------------
INSERT INTO `user_role` VALUES ('4028865d5c8677c3015c86cf76f70002', '10');
INSERT INTO `user_role` VALUES ('4028865d5c8677c3015c86d011fe0003', '20');
INSERT INTO `user_role` VALUES ('4028865d5c8677c3015c86d0d8b90004', '30');
INSERT INTO `user_role` VALUES ('4028865d5c8a4a47015c8a4c16420000', '40');
